sodium_pct,sugar_pct,calorie_pct,has_allergy_match,has_condition_conflict,age_band,risk_label
0.064295,0.239506,0.11372,0,0,child,safe
1.04164,0.123223,0.280347,0,0,adult,danger
0.248378,0.075584,0.075872,0,0,adult,safe
1.01703,0.161106,1.268836,0,0,elderly,danger
0.204704,0.884667,0.18161,0,0,adult,warning
0.12367,0.066156,0.166583,0,1,adult,safe
0.19177,0.19173,0.342416,0,0,adult,safe
0.068954,0.245371,0.097045,0,0,adult,safe
0.271101,0.227634,0.52477,0,0,child,safe
0.982411,0.39538,0.146107,0,1,adult,danger
0.124927,0.046655,0.219333,0,0,adult,safe
0.093659,0.330728,0.363781,0,0,child,safe
0.768404,0.296444,0.118332,0,0,elderly,safe
0.30605,0.263535,1.923863,0,0,adult,danger
1.156279,0.904356,0.322801,0,1,elderly,danger
0.360682,0.203271,0.252828,0,1,adult,safe
0.028207,0.141456,0.439883,0,0,elderly,safe
1.171566,0.099264,0.139193,0,0,elderly,danger
0.171723,1.10584,0.441095,0,0,elderly,danger
0.056384,0.871013,0.170513,0,0,child,warning
0.865538,0.220505,0.217593,1,0,adult,danger
0.325388,0.104741,0.164941,0,0,elderly,safe
0.158251,0.255851,0.070628,0,0,adult,safe
0.143366,0.335236,0.413765,0,0,adult,safe
0.139077,0.241779,0.249774,0,0,adult,safe
0.096278,0.082254,0.192422,0,0,adult,safe
0.390028,0.245431,0.132946,0,0,adult,safe
0.17536,0.199642,0.086342,0,0,elderly,safe
0.860113,0.041232,0.376513,0,1,adult,danger
0.094078,0.380623,0.292526,0,1,elderly,danger
0.995218,0.181818,0.467877,0,0,adult,warning
0.345085,0.160558,0.216914,0,0,child,safe
0.13077,0.228297,0.316067,0,0,adult,safe
0.170019,0.21795,0.290374,0,0,elderly,safe
0.19757,0.04961,0.186838,0,0,adult,safe
0.146788,0.23196,0.22327,0,0,adult,safe
0.366738,0.110617,0.104843,0,0,elderly,safe
0.276225,0.089232,0.12025,0,0,adult,safe
0.069056,0.27946,0.182405,0,1,adult,safe
0.301276,0.259244,1.059362,0,0,adult,danger
0.203971,0.232903,0.124542,0,0,elderly,safe
0.092287,0.133887,0.154998,0,0,elderly,safe
0.217704,0.230485,0.338848,1,0,adult,safe
0.910244,0.339854,0.153614,0,0,adult,warning
0.264488,0.191022,0.137455,0,1,child,safe
0.367817,0.261701,0.075369,0,0,adult,safe
0.070788,0.140722,0.123015,0,0,adult,safe
0.836716,0.18829,0.976974,0,0,adult,warning
0.428043,0.358469,0.234684,0,0,adult,safe
0.149704,0.057666,0.265695,0,1,elderly,safe
0.316568,0.185763,0.450161,1,0,adult,danger
0.846823,0.38595,0.211734,0,0,adult,warning
0.174959,0.084393,0.292139,0,0,adult,safe
0.453614,0.174486,0.146275,0,1,elderly,safe
0.138982,0.052337,0.064005,0,0,adult,safe
0.365097,0.961744,0.16753,0,1,child,danger
0.063662,0.298517,0.211541,0,0,adult,danger
0.193053,0.191168,0.061147,0,0,adult,safe
0.126375,0.216908,0.100743,0,0,elderly,safe
1.110844,0.113415,0.032335,0,0,child,danger
0.144126,0.403357,0.141981,0,0,child,safe
0.145061,0.232428,0.170601,0,1,elderly,safe
0.03405,0.319578,0.466587,0,0,adult,safe
0.176787,0.072733,0.179203,0,0,child,safe
0.157695,0.979615,0.222077,0,0,adult,warning
0.080358,0.344395,0.162151,0,0,child,safe
0.101192,0.117225,0.132031,0,0,elderly,safe
0.061095,0.242431,0.194568,0,0,elderly,safe
0.24043,0.220309,0.221785,0,0,elderly,safe
0.731276,0.11716,0.117877,0,0,adult,safe
0.226118,0.46861,0.153679,0,0,adult,safe
0.975407,0.404964,0.243895,0,1,child,danger
0.146038,1.124923,0.118864,0,0,child,danger
0.129392,0.109406,0.433141,0,1,adult,safe
0.090709,0.256782,1.186314,0,0,adult,danger
1.507492,0.266469,0.453858,0,1,elderly,danger
0.214051,0.12444,0.187318,0,0,adult,safe
0.130751,0.201573,0.055691,0,1,adult,safe
0.202294,0.086049,0.184419,0,0,adult,safe
0.299746,0.105089,0.276962,0,0,elderly,safe
0.098291,0.056069,0.046514,0,0,adult,safe
0.27525,0.056468,0.283122,0,0,elderly,safe
0.763606,1.014346,0.17768,0,0,elderly,danger
0.138298,0.09763,0.353394,0,0,child,safe
0.814268,0.204132,0.223124,0,0,adult,warning
0.147407,0.266187,0.144548,0,0,elderly,safe
0.198722,0.163758,0.194502,0,0,elderly,safe
0.248351,0.955304,0.920412,0,1,adult,danger
1.019988,0.230135,0.328088,0,0,child,danger
0.413996,0.39813,0.071894,0,0,adult,safe
0.286034,0.966186,0.167439,0,0,elderly,warning
0.148315,0.371,0.064073,0,0,elderly,safe
1.061536,0.117878,0.174184,0,0,adult,danger
0.110414,0.878216,0.145013,0,0,adult,warning
0.313846,0.204152,0.181917,0,0,child,safe
0.364458,0.276356,0.112764,0,0,adult,safe
0.186778,0.825032,0.112027,0,0,elderly,warning
0.228499,0.940643,0.093935,0,0,elderly,warning
0.279607,0.360271,0.105254,0,0,child,safe
0.101049,1.044419,0.112955,0,1,child,danger
0.230776,0.32034,0.064928,0,1,adult,safe
0.264136,0.203905,0.199139,0,0,adult,safe
0.319075,0.076872,0.202309,0,0,adult,danger
0.24799,0.409772,0.156333,0,0,elderly,safe
0.097607,0.702326,0.393923,0,0,child,safe
0.749387,0.114649,0.309207,0,0,adult,safe
0.156632,0.20217,0.379905,0,0,elderly,safe
0.777205,0.097943,0.092036,0,0,adult,warning
0.701802,1.240704,0.179806,0,0,adult,danger
0.162804,0.380017,0.159708,0,0,child,safe
0.170645,0.137063,0.110696,0,0,child,safe
0.318569,0.186857,0.456569,1,0,adult,danger
0.704772,1.029563,0.117904,0,0,adult,danger
0.149263,0.479499,0.117262,0,0,child,safe
0.042202,0.177622,0.09973,0,0,adult,safe
0.07997,0.746937,0.331655,1,0,elderly,danger
0.174242,0.059382,0.092067,0,1,child,safe
0.247009,0.411482,0.260668,0,1,elderly,safe
1.267081,0.167571,0.075762,0,0,child,danger
0.346672,0.891118,0.103358,0,0,elderly,warning
0.125473,0.092718,0.217502,0,0,adult,safe
0.155923,0.158045,0.418129,0,0,adult,safe
1.038372,0.212605,0.069039,0,1,elderly,danger
0.17448,0.251262,0.221223,0,0,child,safe
0.195202,0.320031,0.318182,0,0,child,safe
0.284277,0.437467,0.19598,0,0,child,safe
0.195953,0.23034,0.276746,0,0,child,safe
0.131037,0.201422,0.275991,0,0,child,safe
0.334181,0.182581,0.357334,0,0,adult,safe
0.325807,0.903415,0.057636,0,0,elderly,warning
0.170961,0.11956,0.345825,0,1,adult,safe
0.180454,0.324249,1.435865,0,0,elderly,danger
0.223979,0.24728,0.510058,0,0,adult,safe
0.159327,0.084869,0.258252,1,1,elderly,danger
0.078784,0.133497,0.238602,0,0,child,safe
0.256319,0.375481,0.22767,0,1,elderly,safe
0.188231,0.266196,0.063038,0,0,adult,safe
0.134582,0.226875,0.166148,1,0,elderly,danger
0.082873,1.285719,0.091198,0,0,elderly,danger
0.250439,0.2656,0.263468,0,0,elderly,safe
0.119378,0.402276,0.193224,0,0,adult,safe
0.402925,0.099464,0.414563,0,0,adult,safe
0.126116,0.213512,0.177084,0,0,adult,safe
0.076806,0.336306,0.146758,0,0,adult,safe
0.20592,1.22575,0.212307,0,0,adult,danger
0.05222,0.276975,0.27902,0,0,adult,safe
0.191213,0.108448,0.233035,0,0,adult,safe
0.094423,0.285055,0.306634,0,1,elderly,safe
1.462893,0.905315,0.309132,1,1,elderly,danger
0.067207,0.181627,0.073489,0,0,elderly,warning
0.28942,0.105894,0.15668,0,0,adult,safe
0.200639,0.092735,0.273801,0,0,child,safe
1.496262,1.09737,0.432502,0,0,elderly,danger
0.263749,0.205025,0.465435,0,1,adult,safe
1.128526,0.032757,0.394541,0,1,adult,danger
0.077644,0.091739,0.179891,0,1,adult,safe
1.222878,0.035736,0.31894,0,0,child,danger
0.774608,0.263127,0.080603,0,0,adult,safe
0.223981,0.406284,0.263329,0,0,adult,safe
0.777645,0.424343,0.120959,0,0,adult,safe
0.121602,0.200587,0.191899,0,0,adult,safe
0.116267,0.195407,0.060151,0,0,elderly,safe
0.159877,0.063292,0.300137,0,1,elderly,safe
1.104368,0.193788,0.531123,0,0,adult,danger
0.350136,0.166527,0.083329,0,0,adult,safe
0.085077,0.067696,0.577298,0,0,adult,safe
0.131434,0.246992,0.203242,0,1,adult,safe
0.137793,0.858952,0.139962,0,1,adult,danger
0.103235,0.296054,0.307399,1,0,elderly,danger
0.162581,0.20984,0.288792,0,0,elderly,warning
0.299673,0.326833,0.326046,0,0,adult,safe
0.344417,0.155261,0.143129,0,1,child,safe
0.411213,0.064399,0.19103,0,0,adult,safe
0.761637,0.953327,0.306053,0,0,adult,warning
0.113722,0.085384,0.318877,0,0,elderly,safe
0.064385,0.325296,0.0885,0,0,adult,safe
0.150553,0.153431,0.377537,0,1,elderly,safe
0.182055,0.306719,0.126739,0,1,elderly,safe
0.126031,0.176234,0.500405,0,0,adult,safe
0.066116,0.156885,0.174055,0,0,child,safe
1.024357,0.146487,0.218737,0,0,adult,danger
0.172748,0.131118,0.34061,0,0,child,safe
0.790585,0.073713,0.29441,0,0,adult,safe
0.108523,0.163057,0.176228,0,1,adult,safe
0.137866,0.234656,0.312668,0,1,child,safe
0.243375,0.069062,0.160691,0,0,adult,safe
1.244154,0.368825,0.397734,0,0,adult,danger
0.428227,1.12373,0.27611,0,0,adult,danger
0.187085,0.108044,0.155393,0,1,adult,safe
0.254557,0.146944,0.383211,0,0,adult,safe
0.347686,0.962263,0.140832,0,0,adult,warning
1.03781,0.273481,0.094195,0,0,adult,danger
1.262731,0.275926,0.250997,0,0,adult,danger
0.360148,0.11353,0.20814,0,0,child,safe
0.132086,0.194973,0.078538,0,0,child,safe
0.127615,1.760623,0.704509,0,0,elderly,danger
0.209752,1.218361,0.129202,0,0,adult,danger
0.288784,0.179238,0.190973,0,1,adult,safe
0.306623,0.183615,0.195252,0,0,child,safe
0.786285,0.112543,0.25388,0,0,adult,danger
0.808787,0.278086,0.188071,0,0,adult,warning
0.151998,1.133637,0.357143,0,0,adult,danger
0.234606,0.22752,0.17739,0,0,adult,safe
0.299209,0.202465,0.12727,0,1,child,safe
0.058259,0.97417,0.379628,0,0,adult,warning
0.150321,1.001319,0.28457,0,0,adult,danger
0.166448,0.062107,0.201994,0,0,child,safe
0.114048,0.164887,0.285078,0,0,child,safe
0.10253,0.243565,0.234643,0,0,elderly,safe
0.18445,0.115781,0.40383,0,0,adult,safe
0.257924,0.28763,0.05832,0,1,adult,safe
1.169848,0.28336,0.093719,0,0,elderly,danger
0.086661,0.872647,0.145844,0,1,child,danger
0.301095,0.144835,0.286713,0,0,adult,safe
0.122241,1.022394,0.266657,0,0,adult,danger
0.402639,0.92827,0.25605,0,0,adult,warning
0.171127,0.085965,0.299201,1,0,child,danger
0.150478,0.089992,0.200242,0,0,adult,safe
0.299306,1.100855,0.363256,0,0,elderly,danger
0.323544,1.675958,0.150149,0,0,child,danger
0.203686,0.163464,0.060702,0,0,elderly,safe
0.054479,1.817038,0.262401,1,0,adult,danger
0.173769,1.041693,0.144942,0,0,child,warning
0.243104,0.20756,0.3439,0,0,adult,safe
0.139176,0.304467,0.305882,0,0,adult,safe
0.862368,0.087098,0.276896,0,0,adult,warning
0.333554,0.335569,0.126671,0,0,adult,warning
0.419271,0.067871,0.11819,0,0,adult,safe
0.217113,0.888559,0.198504,0,0,adult,warning
0.284801,0.930698,0.091317,0,1,elderly,danger
0.944138,0.207111,0.137927,0,0,adult,warning
0.233602,0.31482,0.129702,0,0,child,safe
0.326928,0.381558,0.110749,0,0,child,safe
0.103187,1.117405,0.245914,0,1,adult,danger
0.217208,0.296212,0.185314,0,0,child,safe
0.192489,0.296024,0.094471,0,0,child,safe
0.381036,1.73786,0.406204,0,1,elderly,danger
0.154974,0.200357,0.308649,0,0,child,safe
0.364231,0.111872,0.203963,0,0,child,safe
0.111768,0.189069,0.265267,0,1,elderly,warning
0.325227,0.240233,0.118867,0,0,child,safe
0.12195,0.140282,0.132367,0,0,adult,safe
0.179166,0.174612,0.172681,0,0,child,safe
0.711626,1.037368,0.391427,0,0,adult,danger
0.139582,0.0918,0.191443,0,1,elderly,safe
0.238679,0.486721,0.143928,0,0,child,warning
0.159649,0.2206,0.109628,0,1,child,safe
0.269379,0.099007,0.087683,0,0,child,warning
0.302476,1.14667,0.061265,1,0,adult,danger
0.216014,0.39458,0.469354,1,0,adult,danger
1.022787,0.707782,0.281136,0,0,elderly,danger
0.119485,0.156175,0.143252,0,0,elderly,warning
0.369861,0.07217,0.100123,0,0,elderly,safe
0.88254,0.301353,0.181942,0,0,elderly,warning
0.09711,0.868893,0.067897,0,0,child,warning
0.232059,0.265542,0.215679,1,0,adult,danger
0.072522,0.262858,0.118433,0,0,elderly,danger
0.346717,0.166082,0.069903,0,0,adult,safe
0.099951,0.2706,0.1761,0,0,adult,safe
0.103715,0.347388,0.314829,0,0,adult,safe
0.281561,0.154269,0.203199,0,1,adult,safe
0.210067,0.21645,0.153913,0,0,elderly,safe
0.230499,0.069387,0.268782,0,0,child,safe
0.251849,1.284256,0.236439,0,1,adult,danger
0.328966,0.074801,0.213861,0,0,adult,safe
0.036711,0.060715,0.229484,0,0,elderly,safe
0.341564,0.183187,0.201206,0,0,elderly,safe
0.112711,0.164739,0.250581,0,0,elderly,safe
0.931418,0.269468,0.302089,0,0,adult,warning
0.241147,0.242698,0.24438,0,0,child,safe
0.238263,0.042223,0.125172,0,1,adult,safe
0.193801,0.093225,0.323392,0,0,adult,safe
0.140019,0.157254,0.112743,0,0,adult,safe
0.060408,0.411648,0.291369,0,0,adult,safe
0.243321,0.991051,0.179191,0,1,elderly,danger
0.2082,0.825586,0.053726,0,0,adult,danger
0.221934,0.099242,0.140926,0,0,elderly,safe
0.10848,0.308596,0.143119,0,0,adult,safe
0.219067,0.814307,1.300034,0,1,child,danger
0.177264,0.336021,0.250762,0,0,elderly,safe
0.198151,0.981174,0.075444,0,0,elderly,warning
0.199889,0.766895,0.050755,0,0,adult,safe
0.081265,0.231014,0.374149,0,0,child,safe
0.08265,0.20979,0.079918,0,0,adult,safe
0.14204,0.100822,0.326974,0,1,elderly,warning
0.229844,1.012048,0.12251,0,1,adult,danger
0.258231,0.221476,0.089199,0,0,child,safe
0.31789,0.245705,0.281653,0,0,adult,safe
0.265372,0.166038,0.243425,0,0,adult,danger
1.050586,0.096183,0.130523,0,0,adult,danger
0.949455,0.284959,0.169099,0,0,child,warning
0.168982,0.14204,0.145339,0,0,adult,safe
0.195407,0.050139,0.360386,0,1,child,safe
0.34977,0.15629,0.265079,0,0,elderly,safe
0.144267,1.09471,0.33899,0,0,adult,danger
0.077237,0.274691,0.287253,0,0,adult,safe
0.999742,0.083756,0.125957,0,0,adult,warning
0.361749,0.27572,0.074089,0,0,elderly,warning
0.377983,0.073786,0.140666,0,1,adult,safe
0.906483,0.217299,0.321237,0,1,child,danger
0.937026,0.145486,0.366338,0,0,adult,warning
0.871031,0.331412,0.22139,0,1,adult,danger
0.056302,0.934692,0.180491,0,0,adult,warning
0.164676,0.039966,0.328091,0,1,elderly,safe
0.067529,0.450582,0.057142,0,0,adult,safe
0.20356,0.071157,0.172931,0,0,adult,safe
0.274059,0.25077,0.095863,0,0,adult,safe
0.346944,0.397796,0.156711,0,0,elderly,safe
0.109497,0.228405,0.097637,0,1,child,safe
0.193218,0.064062,0.10742,0,0,child,danger
0.326609,1.627792,0.237521,0,0,child,danger
0.101789,0.062094,0.186529,0,0,adult,safe
0.109541,0.240428,0.133383,0,0,elderly,safe
1.430289,1.072828,0.193206,0,0,child,danger
0.320003,0.880619,0.199425,0,0,adult,warning
0.165046,0.283431,0.295627,0,0,child,safe
0.230722,0.207058,0.080348,0,0,adult,safe
0.255336,0.214064,0.116249,0,0,elderly,safe
0.168207,0.091486,0.230991,0,1,child,safe
0.080278,0.242785,0.171549,0,0,elderly,safe
0.109291,0.896721,0.260242,0,0,child,safe
0.069937,0.781415,0.232215,0,0,child,safe
0.222563,1.459784,0.080635,1,0,child,safe
0.228049,0.831762,0.382255,0,1,child,danger
0.134403,0.338699,0.131382,0,0,adult,safe
0.242366,0.088952,0.061877,0,1,child,safe
0.382456,0.089698,0.063593,0,1,adult,safe
0.880289,0.165459,0.228,0,0,adult,warning
0.183869,0.886822,0.070667,1,0,adult,danger
0.184586,0.298349,0.10097,0,0,adult,safe
0.146773,0.282253,0.152833,0,0,child,safe
1.559159,0.114443,0.369011,0,0,child,danger
0.193282,0.262173,1.381275,0,0,adult,danger
0.294991,0.24136,0.2486,0,0,adult,safe
0.241904,0.93916,0.348534,0,0,elderly,warning
0.264063,0.266699,0.079185,0,0,elderly,safe
0.85992,0.854116,0.184411,0,1,child,danger
0.929803,0.259821,0.148437,1,0,adult,danger
1.02381,1.037854,0.157577,0,0,child,safe
1.138243,0.107729,0.402495,0,0,elderly,danger
0.145527,1.114811,0.189778,0,0,child,danger
0.273723,0.077586,0.265272,0,0,adult,safe
0.204921,0.059767,0.156515,0,0,child,safe
0.295572,0.793305,0.194176,0,0,child,safe
1.088024,0.136189,0.968112,0,0,adult,safe
0.129862,0.308841,0.231107,0,1,adult,safe
0.264471,0.163532,0.230838,0,1,adult,warning
0.065174,0.347632,0.089081,1,1,child,danger
0.14508,0.73449,0.281992,0,1,child,danger
0.827805,0.129545,0.357507,0,0,child,warning
0.250146,0.814045,0.35531,0,1,elderly,danger
0.361462,0.267766,0.284201,0,0,adult,safe
0.259876,0.882954,0.067486,0,0,adult,warning
0.130937,0.211929,0.271814,0,0,adult,safe
0.944349,0.06571,0.06587,0,0,adult,warning
0.126586,0.196906,0.201371,0,0,elderly,safe
0.103629,0.318729,0.27591,0,0,adult,warning
0.232912,0.137893,0.276338,0,0,elderly,safe
0.328801,0.281817,0.18238,0,0,adult,safe
0.31246,0.239116,0.116629,0,1,adult,safe
0.200876,1.004863,0.40162,0,1,adult,danger
1.524276,0.196919,0.11952,0,1,elderly,danger
0.102175,0.293159,0.429854,0,0,child,safe
0.149839,0.105478,0.235202,0,1,adult,safe
0.239607,0.138264,0.39105,0,1,elderly,safe
0.771804,0.060498,0.056165,0,0,adult,safe
0.176871,0.080405,0.088631,0,0,elderly,safe
0.244437,0.081367,0.048253,0,0,elderly,safe
0.061763,0.301267,0.245374,0,0,adult,safe
0.245656,0.901446,0.41081,0,0,adult,warning
0.210448,0.216173,0.082309,0,0,child,safe
0.213997,0.066142,0.288763,1,0,elderly,danger
0.441549,0.921673,0.171846,0,0,elderly,warning
0.202775,0.345852,0.136797,0,0,adult,safe
0.310763,0.108494,0.274548,0,0,elderly,safe
0.351833,0.713805,0.213353,0,1,child,danger
0.163423,0.265713,0.210089,0,0,elderly,safe
0.197825,0.097887,0.108973,0,0,elderly,safe
0.191103,0.261692,0.392898,0,0,adult,safe
0.124694,0.324032,0.154401,0,1,adult,safe
0.02347,0.238684,0.046884,0,0,elderly,safe
0.115986,0.163254,0.194562,0,0,elderly,safe
0.085282,0.981581,0.209975,0,1,child,danger
0.180548,0.112956,0.168596,1,0,adult,safe
1.514265,0.151073,0.148675,0,1,adult,danger
0.309767,0.095703,0.303226,0,1,child,safe
0.050404,0.220755,0.268334,0,0,adult,warning
0.068068,0.111009,0.031841,0,0,elderly,safe
0.258618,0.100515,0.108022,0,0,child,safe
0.144576,1.08407,0.170142,0,0,child,danger
0.365348,0.131992,0.168984,0,0,child,safe
0.16736,0.890863,0.192512,0,0,elderly,warning
0.073537,0.222776,0.328133,0,0,elderly,safe
1.80389,0.756963,0.131401,0,0,child,danger
0.084976,0.233699,0.125184,0,0,elderly,safe
0.214984,0.275379,0.07667,0,0,elderly,safe
0.344534,0.209851,0.211497,0,0,adult,safe
0.077912,0.140689,0.22668,0,0,adult,safe
0.688645,0.360932,0.25597,0,0,child,safe
0.147656,0.22943,0.286208,0,0,child,safe
0.691161,1.121536,0.198131,0,0,child,danger
0.227757,1.491103,0.323106,0,0,child,danger
0.187396,0.090553,0.140748,0,1,adult,safe
0.099526,0.197653,0.052528,0,0,adult,safe
0.196376,0.258104,0.105287,0,0,adult,safe
0.147404,0.202217,0.189992,0,0,adult,safe
0.319926,0.437484,0.422762,0,0,adult,safe
0.06524,0.225504,0.294669,1,0,elderly,warning
0.906168,0.115116,0.466001,0,0,adult,warning
0.163945,0.195452,0.364317,0,0,adult,safe
1.449633,0.100199,0.227235,0,0,adult,danger
0.946108,0.265133,0.294342,0,0,adult,warning
0.271037,0.136115,0.077507,0,0,adult,safe
0.180137,0.760668,0.321511,0,0,elderly,safe
0.092411,0.138597,0.23987,0,1,adult,safe
0.217083,0.131238,0.133635,0,0,adult,safe
0.147087,0.207445,0.187323,1,0,adult,danger
0.150572,0.175316,0.294529,0,0,adult,safe
0.332568,0.229948,0.127541,0,0,elderly,safe
0.061881,0.321004,1.47783,1,1,adult,danger
0.341696,0.221434,0.148669,0,0,child,safe
0.19653,0.410848,0.348272,1,0,elderly,danger
0.178631,1.756023,0.411271,0,1,adult,danger
0.38578,0.871149,0.249641,0,0,elderly,warning
0.703947,0.072727,0.289956,0,0,elderly,safe
1.177196,0.217916,0.116682,0,0,child,danger
0.119722,0.273596,0.206507,0,1,adult,safe
1.203408,0.263397,0.161646,0,0,child,danger
0.046475,0.16177,0.994848,0,0,elderly,warning
0.259833,0.069857,0.20685,0,0,adult,safe
1.459717,1.691163,0.297373,0,0,elderly,danger
0.247755,0.826999,0.1496,0,0,adult,safe
0.212978,0.089825,0.368225,0,0,child,safe
0.528068,0.361065,0.467865,0,1,elderly,danger
0.211762,0.108879,0.123606,0,0,adult,safe
0.363405,0.459862,0.10238,0,0,adult,safe
0.269814,0.329402,0.279811,0,0,child,safe
0.113941,0.177967,0.145538,0,0,adult,safe
0.241384,0.112069,0.324205,0,1,adult,safe
0.230559,0.411841,1.328995,0,0,adult,danger
0.997236,0.111173,0.124797,0,0,adult,warning
0.1577,0.125755,0.332946,0,0,adult,safe
0.822861,0.911494,0.288572,0,0,child,warning
0.306111,0.083992,0.082619,0,0,elderly,safe
1.107961,0.385093,0.148816,0,0,elderly,danger
0.924036,0.287166,0.251685,0,0,adult,warning
0.082898,0.206909,0.085932,0,0,adult,safe
0.117224,0.113345,0.268238,0,0,child,safe
0.274446,0.164573,0.105729,0,0,adult,safe
0.194734,0.185847,0.235774,0,0,adult,safe
0.365648,0.953876,0.089351,0,0,adult,warning
1.062408,0.110584,0.160638,0,0,elderly,danger
0.236618,0.349719,1.675517,0,0,child,danger
0.15757,0.174925,0.153842,1,1,child,danger
0.172813,0.350349,0.178439,0,0,adult,safe
0.256787,0.204284,0.17845,0,0,child,safe
0.143073,1.261483,0.204332,0,1,adult,danger
0.190348,0.216533,0.24265,0,0,elderly,safe
0.188131,0.364752,0.040182,0,0,adult,safe
0.317486,0.231337,0.109426,0,0,child,safe
0.968264,1.085668,0.098561,0,0,adult,danger
0.846499,0.182652,0.369194,0,0,adult,warning
0.118885,0.046468,0.155589,0,1,elderly,safe
0.200253,0.10298,0.209627,0,1,child,safe
0.292235,0.807547,0.07067,0,0,adult,warning
1.113732,0.181415,0.141156,0,0,child,safe
0.327871,0.074871,0.033257,0,0,adult,safe
0.185917,0.116421,0.197679,0,0,adult,safe
0.176209,0.909725,0.151655,0,0,child,warning
1.390897,0.048447,0.097001,0,0,elderly,danger
0.081213,0.412287,0.09086,0,0,child,safe
0.253032,0.130922,0.522432,0,0,adult,safe
1.190414,0.370878,0.16467,0,0,elderly,danger
0.940802,0.338754,0.206323,0,1,adult,danger
0.056205,0.13103,0.070487,0,0,elderly,safe
0.066945,0.812119,0.247422,0,1,adult,danger
1.103738,0.224565,0.416489,0,1,child,danger
0.292787,0.096708,0.237573,0,0,adult,safe
0.093843,0.915599,0.13991,0,0,adult,warning
0.312784,0.190483,0.072924,0,1,adult,safe
1.193746,0.142191,0.328232,0,0,adult,danger
0.059621,0.324739,0.241935,0,0,adult,safe
0.210536,0.151739,0.180933,0,0,child,safe
0.195353,0.155883,0.221191,0,0,elderly,safe
0.134341,0.084635,0.098278,0,0,adult,safe
0.219428,0.15967,0.142548,0,0,elderly,safe
1.311782,0.784785,0.244704,0,1,adult,danger
0.058462,0.175646,1.642696,0,0,adult,danger
0.042801,0.865145,0.38511,0,1,child,danger
0.314427,1.302473,0.190018,0,0,elderly,danger
0.136061,0.289546,0.073803,1,0,elderly,danger
0.256155,0.159153,0.283199,0,0,adult,safe
0.079623,0.140708,0.312547,0,1,child,safe
0.406414,1.590453,0.175106,0,1,child,danger
0.16744,0.127092,0.175766,0,0,child,safe
0.320795,0.238552,0.271807,0,0,adult,safe
0.154395,0.127139,0.061814,0,1,adult,safe
0.113766,0.167969,0.189693,0,0,elderly,safe
0.111904,0.094684,0.157262,0,1,adult,safe
0.067644,0.209519,0.193339,0,0,adult,safe
0.073293,0.131931,1.687196,0,0,elderly,danger
0.110971,0.155908,0.408321,0,0,adult,safe
0.345418,0.194702,0.103643,0,1,child,safe
0.166166,0.119277,0.281259,0,0,elderly,safe
0.079904,0.830915,0.314311,0,0,child,warning
0.254683,0.337824,0.227285,0,0,child,safe
0.101994,0.26744,0.139893,0,0,child,safe
0.320382,0.211188,0.045503,0,1,adult,safe
0.992385,0.98764,0.093395,0,0,adult,warning
0.124,0.349131,0.035836,0,0,elderly,safe
0.07777,0.102798,0.165601,0,0,elderly,safe
0.149298,0.068468,0.14183,0,0,adult,safe
0.091847,0.178911,0.191522,0,0,adult,safe
0.132418,0.297658,0.350101,0,0,adult,safe
0.262289,0.112908,0.218375,0,0,child,safe
0.12279,0.358799,0.163982,0,0,child,safe
0.17754,0.027005,0.058409,0,0,adult,safe
0.059468,0.094268,0.310758,0,1,adult,safe
0.356553,0.072975,0.271424,0,0,adult,safe
0.098134,0.263911,0.223594,0,0,adult,safe
0.168748,0.049881,1.023401,0,0,adult,danger
0.149814,0.117375,0.085157,0,0,adult,safe
0.248472,0.405872,0.065298,0,0,child,safe
0.824498,1.072658,0.113824,0,0,adult,danger
1.194818,0.350208,0.208329,0,0,adult,danger
0.195544,0.29998,0.192321,0,0,adult,safe
0.081044,0.423565,0.082337,0,0,child,safe
1.249781,0.249627,0.200063,0,0,elderly,danger
0.125539,0.853059,0.451931,0,0,adult,warning
0.270551,0.220567,0.049658,0,0,adult,safe
0.05501,0.061045,0.220099,0,0,adult,safe
1.094759,0.418192,0.05353,0,0,adult,danger
0.073556,0.216713,0.281391,0,0,adult,safe
0.316745,0.850858,0.105697,0,0,child,warning
0.28172,0.225653,0.220316,0,0,child,safe
0.272894,0.22344,0.438231,0,0,adult,safe
1.210223,0.225338,0.227598,0,0,adult,warning
0.198146,0.435586,0.142812,0,0,adult,safe
0.84525,0.383296,0.217266,0,0,child,warning
0.041386,0.339569,0.148456,0,0,adult,safe
0.108488,0.181644,0.176322,1,0,elderly,danger
0.23933,0.297491,0.420542,0,0,adult,safe
0.122185,0.207716,0.188991,0,0,adult,safe
0.151174,1.019544,0.178991,0,0,elderly,danger
0.285477,0.069498,0.088708,0,1,child,safe
0.372959,1.176339,0.143852,0,0,adult,danger
0.304942,0.269772,0.187275,0,0,elderly,safe
0.138696,0.216679,0.363157,0,0,child,warning
0.097979,0.36181,0.068886,1,0,elderly,danger
0.112129,0.061306,0.216602,0,0,adult,safe
0.18499,0.161097,0.448678,0,0,adult,danger
0.38478,1.22555,0.098175,0,0,adult,danger
0.22063,0.130298,0.26384,0,0,adult,safe
0.88863,0.109322,0.282087,0,0,child,warning
0.158643,0.190474,0.214703,0,0,child,warning
0.225093,0.039892,0.218946,0,1,adult,safe
0.850334,1.182238,0.286323,0,0,adult,danger
0.111511,0.08136,0.243275,0,0,child,safe
0.997204,0.369235,0.329038,0,0,adult,warning
0.147802,0.228585,0.1391,0,0,adult,safe
0.449908,0.949114,0.102918,0,0,elderly,warning
0.221834,0.207292,0.214575,0,0,child,safe
0.220446,0.116594,0.193685,0,0,adult,safe
1.030869,0.214318,0.097044,0,0,elderly,danger
1.053084,0.803897,0.307185,0,0,adult,danger
0.161334,0.200654,0.320414,0,0,adult,safe
0.351003,0.099759,0.143595,0,0,adult,safe
0.159357,0.180201,0.103506,0,0,adult,safe
0.225861,1.048461,0.168676,0,0,adult,danger
0.141474,0.301415,0.297275,0,0,adult,safe
0.273197,0.17826,0.130362,0,1,child,safe
0.813733,0.318673,0.076285,0,0,adult,warning
0.484817,0.252899,0.330971,0,0,adult,safe
0.073171,0.135287,0.329201,0,1,adult,danger
0.133629,0.826053,0.277687,0,0,adult,warning
0.180584,1.096673,0.200458,0,0,adult,danger
0.356043,0.330883,0.158928,0,0,adult,safe
0.049236,0.222861,0.211243,0,0,elderly,safe
0.915531,0.13161,0.091437,0,0,elderly,warning
0.316308,0.124826,0.156048,0,0,adult,safe
0.163153,0.445999,0.233813,0,0,child,danger
0.362451,0.117175,0.135274,0,0,adult,safe
0.332822,0.0742,0.18516,1,0,adult,safe
0.145864,0.186513,0.191735,0,0,adult,safe
0.301444,0.093946,0.144219,0,0,adult,safe
0.141191,0.040447,0.072323,0,0,adult,safe
0.116889,1.121963,0.339846,0,0,adult,danger
0.908755,1.437633,0.491932,0,0,elderly,danger
0.927545,0.141518,0.148723,0,0,adult,warning
0.128084,0.318581,0.184794,0,1,adult,safe
0.313031,0.167788,0.103139,1,0,elderly,danger
0.292273,0.12935,0.372276,0,0,child,safe
0.801813,0.116419,0.335213,0,0,adult,warning
0.103113,0.169152,0.203618,0,0,adult,safe
0.169257,0.347601,1.22887,0,0,adult,danger
0.346966,0.247818,0.16004,0,0,elderly,safe
0.953223,0.247053,0.038982,0,1,adult,danger
0.305773,0.309998,0.164142,0,1,child,safe
0.450085,0.116019,0.312068,0,0,elderly,safe
0.176987,0.142928,0.108469,0,0,adult,safe
0.127938,0.188782,0.277337,0,0,adult,safe
0.947324,0.251787,0.281078,0,0,elderly,warning
1.129569,0.280276,0.157521,0,0,elderly,danger
0.748973,0.104239,0.137892,0,0,child,safe
0.064463,0.25363,0.127475,0,0,adult,safe
0.460556,0.303303,0.250252,0,0,adult,safe
0.221106,0.114674,0.18238,0,0,child,safe
0.245926,0.314314,0.44791,0,0,elderly,safe
0.143007,0.117038,0.197563,0,0,adult,safe
1.261234,0.059636,0.123979,0,0,child,danger
0.134295,0.309354,0.10799,0,1,child,safe
0.167777,0.245998,0.29926,1,0,child,danger
0.197036,0.227402,0.147148,0,1,adult,safe
0.958034,0.186298,0.180098,0,0,elderly,warning
0.448457,0.359937,0.429384,0,0,adult,safe
0.927159,0.161526,0.132575,0,0,elderly,warning
0.813419,0.266943,0.356544,0,0,adult,warning
0.112311,0.322624,0.172794,0,1,elderly,safe
0.158433,0.256509,0.235429,0,0,adult,safe
0.879394,1.440741,0.150886,0,0,adult,danger
0.076121,0.241434,0.130038,0,0,adult,safe
0.311371,0.740208,0.242454,0,0,child,warning
0.257626,0.236138,0.374807,0,0,child,safe
0.11148,0.132652,0.479776,0,0,elderly,safe
0.08841,0.156683,0.346874,0,0,child,safe
0.345271,0.319739,0.281797,0,0,child,safe
0.18449,0.881798,0.377689,0,0,child,warning
0.963205,0.901934,0.239506,0,0,elderly,warning
0.151449,0.657867,0.240579,0,0,elderly,safe
0.855988,0.329944,0.387008,0,0,child,warning
0.133765,0.115215,0.164642,0,0,elderly,safe
0.114976,1.025111,0.300676,0,0,adult,danger
0.472035,0.856107,0.347341,0,0,elderly,warning
0.233817,0.30613,0.181983,0,0,elderly,safe
0.153401,0.131206,0.196657,0,0,child,safe
0.23952,1.128837,0.123516,0,0,child,safe
0.253047,0.159126,0.341721,0,0,adult,safe
0.325039,0.053809,0.305696,0,0,elderly,safe
0.876792,0.082977,0.264404,0,0,child,warning
0.259693,0.167052,0.210873,0,0,elderly,safe
0.245113,1.505269,0.071622,0,0,elderly,danger
0.25485,1.583128,0.066012,0,1,adult,danger
0.057797,0.184544,0.288476,0,0,adult,safe
1.219901,0.198264,0.083515,0,0,child,warning
0.113779,0.261901,0.102976,0,0,child,safe
1.654641,0.496987,0.791286,0,1,elderly,danger
0.056342,0.441952,0.079641,0,0,elderly,safe
0.099329,1.103564,0.204597,0,0,adult,danger
1.838754,1.200037,0.265152,0,0,child,danger
0.831548,0.092706,0.398302,0,0,adult,warning
0.207285,0.201266,0.078891,0,0,elderly,safe
0.198615,0.246241,0.222169,0,0,adult,safe
0.084677,0.101979,0.201633,0,0,elderly,safe
0.08541,0.204659,0.251872,0,0,elderly,safe
0.948488,0.208727,0.200263,0,0,adult,warning
0.861866,0.204363,0.340647,0,0,child,warning
0.367441,0.207763,0.138297,0,0,elderly,safe
0.897529,0.344424,0.097856,0,1,child,danger
0.189371,0.338246,0.121478,0,0,adult,safe
0.046701,0.149907,0.235622,0,0,child,safe
1.333546,0.903844,0.186695,0,0,adult,danger
0.922986,0.31573,0.235222,0,0,elderly,warning
0.235552,0.349447,0.110941,1,0,adult,danger
0.238033,0.213488,0.078312,0,0,elderly,safe
0.254533,0.061322,0.070717,0,0,elderly,safe
0.394932,0.813104,0.299069,0,0,adult,warning
1.263278,0.078723,0.360844,0,0,adult,danger
0.285944,0.759799,0.217968,0,0,elderly,safe
0.409935,0.045818,0.114348,0,0,child,safe
0.159491,0.433916,0.190485,0,0,adult,safe
1.135273,0.170086,0.523724,0,0,child,danger
1.10294,0.111901,0.031347,0,0,elderly,danger
0.483468,0.206619,0.035256,0,0,adult,safe
0.106861,0.412032,0.168882,0,0,adult,safe
0.100988,0.221205,0.354005,0,0,elderly,safe
0.523394,0.26221,0.050846,0,0,adult,safe
0.209736,0.168718,0.108602,0,0,elderly,safe
0.129534,0.35358,0.226824,0,0,elderly,warning
0.189342,1.101285,0.055165,0,0,child,danger
0.102151,0.250884,0.349207,0,0,child,safe
0.141329,0.948634,0.07249,0,1,adult,danger
0.444783,0.191422,0.158206,0,0,elderly,safe
0.190683,0.073788,0.153703,1,0,child,danger
0.387855,0.810725,0.174007,0,0,adult,warning
0.069842,0.145398,0.214479,0,0,child,safe
0.071207,0.337895,0.199107,0,1,elderly,safe
0.933199,0.123725,0.1849,0,0,elderly,warning
0.046071,0.20506,0.033226,0,1,child,safe
0.141312,0.277223,0.237147,0,1,elderly,safe
0.16046,1.110471,0.062696,0,0,adult,danger
0.113187,0.149939,0.205009,0,1,child,danger
0.212798,1.064836,0.173348,0,1,adult,danger
1.277434,0.79511,0.461956,0,0,elderly,danger
0.189873,0.18055,0.036952,0,0,adult,safe
0.11503,1.41559,0.231875,0,1,adult,danger
0.971247,0.19319,0.127735,0,0,adult,warning
0.141029,0.504223,0.281336,0,0,adult,safe
1.156164,1.615031,0.220383,0,0,elderly,danger
0.174624,0.125619,0.191049,0,1,elderly,safe
0.17141,0.714136,0.120348,0,0,adult,safe
0.199955,0.357558,0.125966,0,0,child,safe
0.247899,0.177871,0.244482,1,0,elderly,danger
0.844672,0.368059,0.149537,0,0,adult,warning
0.87659,0.230747,0.345183,0,0,elderly,safe
0.094975,0.27505,0.252053,1,0,adult,danger
0.109954,0.078129,0.091346,0,0,adult,safe
0.232789,0.110842,0.050052,0,0,child,safe
0.219669,0.094308,0.09017,0,0,child,safe
0.538419,0.91193,0.469503,0,0,adult,warning
0.130732,0.120448,0.125328,0,0,adult,safe
0.143667,0.997352,0.348746,0,0,adult,warning
0.170966,0.393708,0.361414,0,0,elderly,safe
0.80612,0.167062,0.408763,0,0,child,danger
0.314013,0.317448,0.144722,0,1,adult,safe
1.63732,0.238692,0.082284,0,0,elderly,danger
0.11312,0.26103,0.218398,0,0,adult,safe
0.402956,0.776317,0.208695,0,0,child,safe
0.136931,0.07,0.191631,0,0,adult,warning
0.213314,0.997955,0.235923,0,0,adult,warning
0.175927,0.062019,0.360892,0,0,elderly,safe
0.153474,0.095006,0.385739,0,0,child,safe
0.181462,0.198081,0.13319,0,0,elderly,safe
0.85333,0.834912,0.113631,0,0,child,warning
0.857336,0.36,0.134307,0,0,elderly,warning
0.201652,0.392394,0.164245,0,0,adult,safe
1.21634,0.19051,0.178512,0,0,adult,danger
0.264994,0.268412,0.344174,1,0,adult,danger
0.123336,0.042643,0.072812,0,0,adult,safe
0.129295,0.170196,0.277055,0,0,adult,danger
0.141492,0.369206,0.250914,0,0,adult,safe
0.321296,0.834489,0.260162,0,0,child,warning
0.206015,0.950559,0.174139,0,0,adult,warning
0.42781,0.245249,0.388197,0,0,elderly,safe
0.2888,0.100285,0.297361,0,0,child,safe
0.252389,0.216899,0.119599,0,0,child,warning
0.177909,0.093397,0.396528,0,0,elderly,safe
0.100395,0.090443,0.05747,0,0,adult,safe
0.160371,0.228182,0.343899,0,1,elderly,safe
0.243682,0.301452,0.1488,0,0,adult,safe
0.117066,0.335031,0.873622,0,0,adult,warning
1.179125,0.160601,0.200301,0,0,adult,danger
0.195178,1.099177,0.276898,1,0,adult,danger
0.221026,0.998944,0.159596,0,1,child,danger
0.860891,0.234836,0.353068,0,0,adult,warning
0.207266,0.12214,0.207862,0,1,child,safe
0.115055,0.838988,0.10218,0,1,elderly,danger
1.134836,0.095204,0.845608,0,1,elderly,danger
0.167062,0.344554,0.262451,0,0,child,safe
0.28228,0.179899,0.272979,0,0,adult,safe
0.26031,0.419218,0.176761,0,0,child,safe
0.992669,0.092283,0.318076,0,0,elderly,warning
0.222741,0.113349,0.091986,0,0,adult,safe
1.203011,0.098426,0.162149,0,0,adult,danger
1.106375,0.273192,0.063587,0,1,child,danger
0.989883,0.2244,0.317162,0,0,adult,warning
0.179627,0.956999,0.69224,0,0,elderly,warning
0.215754,0.135748,0.207368,0,0,elderly,safe
0.181107,0.144479,1.38449,0,0,child,danger
0.369852,0.306375,0.166769,0,0,elderly,safe
0.213848,0.073225,0.148589,0,0,adult,safe
0.086286,0.373631,0.340865,0,0,child,warning
0.267735,0.268829,0.072228,0,0,elderly,safe
0.348358,0.234342,0.251023,0,0,elderly,safe
0.305377,0.29075,0.280869,0,0,child,safe
0.501117,0.076049,0.163823,0,0,elderly,safe
0.172265,0.178405,0.191615,1,1,elderly,danger
0.153637,0.317081,0.360443,0,1,child,safe
0.922697,0.114606,0.087694,0,0,adult,warning
0.988711,0.176052,0.131114,0,0,elderly,warning
0.15161,0.064253,0.141926,1,1,elderly,danger
0.085974,0.213339,0.381098,0,1,elderly,safe
0.086061,0.080705,1.008263,1,1,child,danger
0.104881,0.456574,0.082075,0,0,adult,safe
0.264321,0.159954,0.109072,0,0,adult,safe
0.180788,0.154318,0.20373,0,0,child,safe
0.189879,0.054097,0.169994,0,1,adult,safe
0.144701,0.262415,0.036877,0,0,adult,safe
0.959403,0.447759,0.064422,0,0,adult,warning
0.22814,0.162997,0.423811,0,0,elderly,safe
0.149898,0.246065,0.132506,0,0,elderly,safe
0.167144,1.533904,1.109236,0,1,adult,danger
0.227152,0.347562,0.081669,0,0,adult,safe
0.30748,0.096449,0.190402,0,0,adult,safe
0.29664,1.403538,0.107743,0,0,adult,danger
0.794733,0.272984,0.12309,0,0,adult,danger
0.129432,0.387872,0.373906,0,0,child,safe
1.040252,0.876806,0.123796,0,0,adult,danger
0.335509,0.134463,0.177822,0,0,child,safe
0.143117,0.115491,0.202757,0,0,elderly,safe
0.108787,0.104163,0.278913,0,1,child,safe
0.476409,0.138337,0.24435,0,0,adult,safe
1.01407,0.23851,0.159893,0,0,child,danger
0.090354,0.275562,0.33044,0,1,adult,safe
0.198143,0.10468,0.209109,0,0,adult,safe
0.161736,0.137257,0.408685,0,0,elderly,safe
0.173249,0.151707,0.28171,0,0,elderly,safe
0.376172,0.364471,0.243079,0,0,child,safe
0.910641,0.070754,0.055541,0,1,adult,danger
0.158285,0.272673,0.248116,0,0,child,safe
0.347652,0.06661,0.413934,0,0,child,safe
1.029858,0.281279,0.202005,0,0,adult,danger
0.144991,1.269728,0.264116,0,0,adult,danger
0.271586,0.876832,0.38642,0,0,elderly,warning
0.130214,0.337075,0.361921,0,0,adult,safe
0.823302,0.241149,0.117365,0,0,child,warning
0.201172,0.713331,0.248285,0,0,adult,safe
0.257683,0.036632,0.335842,0,0,child,safe
0.36354,0.248235,0.046269,0,0,adult,safe
0.141987,0.201132,0.114701,0,0,adult,safe
0.159824,0.258624,0.13153,1,0,adult,danger
0.249193,0.083076,0.154556,0,0,adult,safe
0.192055,0.396387,0.163935,0,1,adult,safe
0.866694,0.233039,0.299407,0,0,elderly,warning
0.110801,0.830708,0.368709,0,0,child,warning
0.84695,0.13363,0.470518,0,0,elderly,warning
0.043306,0.848081,0.213552,0,0,child,warning
0.197197,0.167863,0.246303,0,0,elderly,safe
0.417584,0.739519,0.113723,0,0,elderly,safe
0.146422,0.379695,0.291416,0,0,adult,safe
0.071115,0.052945,0.228805,0,0,adult,safe
0.298613,1.096879,0.364263,0,0,elderly,danger
0.925564,0.0717,0.167981,0,0,elderly,warning
0.057542,0.335831,0.197973,0,0,elderly,safe
1.497151,0.279591,0.148805,0,0,child,danger
0.413422,0.171811,0.10394,0,0,child,safe
0.312836,0.174892,0.152458,0,0,adult,safe
0.975096,0.240494,0.16461,0,0,elderly,warning
0.103757,0.329786,0.292399,0,1,adult,safe
0.125383,0.16084,0.097341,0,0,child,safe
0.354819,0.136708,0.083926,0,0,child,safe
1.070923,0.252881,0.140629,0,0,elderly,danger
0.236359,0.275788,0.119432,0,0,child,safe
0.129248,0.983617,0.104791,0,0,elderly,warning
0.077023,0.194795,0.268531,1,0,adult,danger
0.392583,0.100777,0.339155,0,1,child,safe
0.153262,0.170184,0.110585,0,0,adult,safe
0.316616,0.119994,0.354299,0,0,adult,safe
0.133889,0.224388,0.1993,1,1,elderly,danger
0.16125,0.20142,0.550661,0,0,adult,safe
0.236265,0.299471,0.158413,0,0,adult,safe
1.117077,0.210838,0.095021,0,0,elderly,danger
0.060799,0.233202,0.177183,0,0,child,safe
0.242297,0.10275,0.357376,0,0,adult,safe
0.198102,0.071472,0.209501,1,0,child,danger
0.228285,0.337959,0.14924,0,0,adult,safe
1.042324,0.058977,0.120435,1,0,adult,danger
0.249648,0.196749,0.178065,0,0,elderly,warning
0.213592,0.170837,0.16301,0,0,child,danger
0.196984,0.256739,0.425469,0,0,child,safe
0.050187,0.21096,0.046692,0,0,elderly,safe
0.099909,0.398208,0.263741,0,0,elderly,safe
1.253616,1.167412,0.104007,0,0,elderly,danger
0.198523,0.064093,0.136445,0,1,elderly,safe
0.215977,0.812254,0.147971,0,1,child,danger
0.217038,0.097967,0.118884,0,0,child,safe
0.986717,1.022081,0.070951,0,0,adult,warning
0.119864,0.362769,0.115822,0,0,adult,safe
0.153734,0.195389,0.143381,0,0,child,safe
0.113607,0.149734,1.565952,0,1,child,danger
0.22388,0.711951,0.228563,0,1,child,danger
0.056339,0.157626,0.104888,0,0,adult,safe
0.938227,0.106429,1.437956,0,0,elderly,danger
0.180583,0.91375,0.208796,0,1,adult,danger
0.239448,0.30118,0.412085,0,1,elderly,safe
0.382686,0.277626,0.132706,0,0,child,safe
0.275257,0.313798,0.15254,1,0,adult,danger
0.192675,0.357318,0.109748,0,0,elderly,warning
0.32027,0.392447,0.153237,0,0,adult,danger
1.039507,0.159086,0.185848,0,0,elderly,danger
0.351582,0.701259,0.172932,0,0,child,safe
0.382898,0.765432,0.166619,0,0,adult,safe
0.197867,0.307741,0.232886,0,1,adult,danger
0.129187,0.190238,0.222433,0,0,adult,safe
0.143384,0.255402,0.303093,0,0,adult,danger
0.38126,0.31195,0.127432,0,0,elderly,safe
0.695472,1.142431,0.247604,0,0,elderly,danger
0.895834,0.144439,0.352857,0,0,adult,warning
0.204231,0.245259,0.301761,0,0,adult,safe
0.082777,0.208371,0.234614,0,0,elderly,safe
1.017344,0.100729,1.852405,0,0,adult,danger
1.216831,0.196436,0.077646,0,1,elderly,danger
0.238073,0.089347,0.194873,0,0,child,safe
0.120855,0.138617,0.041512,0,0,elderly,safe
1.227675,0.384421,0.400425,0,0,child,danger
0.417973,0.970028,0.225517,0,0,child,warning
0.294288,0.194462,0.309031,0,0,child,safe
0.450858,0.155525,0.152461,0,0,adult,safe
0.040675,1.170157,0.103395,0,0,adult,danger
0.37746,0.255037,0.248142,0,0,adult,safe
0.120132,0.391831,0.100003,0,1,elderly,safe
0.534385,0.233811,0.274603,0,0,elderly,safe
0.045228,0.332997,0.096844,0,0,child,safe
0.211756,0.462509,0.072432,0,0,elderly,safe
0.241332,0.402862,0.268566,0,0,adult,safe
0.246192,0.177766,0.454868,0,1,adult,safe
0.146598,0.157199,0.262264,1,0,child,danger
0.392146,0.885873,0.26839,1,0,adult,danger
0.161471,0.223165,0.270717,0,0,adult,safe
0.390472,0.28485,0.054395,0,0,adult,safe
0.083558,0.370426,0.461336,0,0,child,safe
1.247447,0.243416,0.144089,0,0,adult,danger
0.420821,0.155508,0.044403,0,0,adult,safe
0.130289,1.535741,0.423852,0,0,adult,danger
0.292819,0.250716,0.224585,0,0,adult,safe
0.254077,0.235872,0.157538,0,1,adult,safe
0.103575,0.062955,0.032165,0,0,child,safe
0.774369,0.104871,0.127891,0,0,adult,safe
0.199802,0.281015,0.080775,0,0,adult,safe
0.290374,0.064907,0.284741,0,0,adult,safe
0.093991,0.307766,0.074535,0,0,adult,safe
0.205692,0.869817,0.988478,1,1,adult,danger
0.059952,0.318376,0.216491,0,1,adult,safe
0.900967,0.130489,0.376062,0,0,child,warning
0.856512,0.091023,0.085715,0,0,elderly,warning
0.375708,0.299475,0.322345,0,1,adult,safe
0.118052,0.16228,0.092429,0,0,elderly,safe
1.179221,0.326564,0.087758,0,0,elderly,danger
0.272837,0.303278,0.264806,0,1,elderly,safe
0.196219,0.311012,0.360459,0,0,adult,safe
0.810673,0.253078,0.160702,0,0,elderly,warning
1.25969,0.16178,0.085461,0,0,elderly,danger
0.143544,0.275562,0.117227,0,0,elderly,safe
0.134286,0.342843,0.087442,0,0,elderly,safe
1.188369,0.062708,0.242085,0,0,elderly,danger
0.185732,0.314685,0.143555,0,0,elderly,safe
0.039355,1.113177,0.114228,0,0,adult,danger
0.204466,0.118052,0.284168,0,1,adult,safe
0.443493,0.266772,0.078438,0,0,elderly,safe
1.204107,0.34692,0.11441,0,1,child,danger
0.072208,0.111522,0.150183,0,0,adult,safe
1.089211,0.317374,0.177608,0,0,adult,danger
0.217392,1.119681,0.135658,0,0,child,danger
0.114548,0.908476,0.312136,0,0,child,warning
1.031406,0.074913,0.23239,0,0,adult,danger
0.0805,1.190901,0.296283,0,0,elderly,danger
0.244702,0.152072,0.318534,0,0,elderly,safe
0.306881,0.088606,0.479225,0,0,adult,safe
0.382861,0.132179,0.110922,0,0,adult,safe
0.079461,0.776419,0.272977,0,0,adult,safe
0.105255,0.364514,0.140415,0,0,adult,safe
0.242231,0.109773,0.443349,0,0,adult,safe
0.152,1.034969,0.385009,0,0,child,danger
1.028621,0.354392,0.056294,0,0,adult,danger
0.200052,0.174678,0.318732,1,0,adult,danger
0.15572,0.255736,0.216721,0,0,adult,safe
0.165239,0.10841,0.257803,0,0,adult,safe
0.093434,0.259609,0.16127,0,0,elderly,safe
0.120647,0.185541,0.067654,0,0,elderly,safe
0.211994,0.353879,0.155018,1,0,elderly,danger
0.086386,0.33363,0.171453,0,0,adult,safe
0.807325,0.253572,0.358979,0,0,adult,warning
1.243278,0.209574,0.259516,0,0,elderly,danger
0.168261,0.209411,0.119197,0,0,adult,safe
1.119406,0.288035,0.178974,0,0,child,danger
0.33628,1.523746,0.051701,0,1,elderly,danger
0.200254,0.376473,1.252376,0,1,child,danger
0.128579,0.273372,0.155519,0,1,adult,safe
0.095777,0.394504,0.064832,0,0,elderly,safe
0.703549,0.078336,0.055913,0,0,adult,safe
0.075584,0.100691,0.159397,0,0,adult,safe
0.076044,0.211362,0.297483,0,0,child,safe
0.19331,0.735695,0.481108,0,1,elderly,danger
0.947123,0.303614,0.275259,0,0,child,warning
0.144212,0.067407,0.322946,0,0,elderly,danger
0.029651,0.38932,0.241288,1,1,elderly,danger
0.195103,0.83209,0.181396,0,0,adult,warning
0.11722,0.177279,0.122516,0,0,child,safe
0.09935,0.324429,0.305036,0,0,elderly,safe
0.213772,0.289438,0.093238,0,0,child,safe
0.778504,1.088017,0.091455,0,0,adult,danger
0.051703,0.082148,0.027754,0,0,adult,safe
0.279755,0.110567,0.224595,0,0,adult,safe
0.091396,0.196091,0.151695,0,0,adult,safe
0.870442,0.069895,0.072512,0,1,child,danger
0.237874,0.32911,0.188532,0,1,elderly,safe
0.06815,1.072926,0.142761,0,0,elderly,danger
0.277311,0.260582,0.145174,0,1,elderly,safe
0.33465,0.084771,0.117505,0,0,child,safe
0.946166,0.230885,0.033002,0,0,elderly,warning
0.211815,0.096769,0.189303,0,0,elderly,safe
0.192805,0.984001,0.138543,0,1,adult,danger
0.502944,0.232269,0.287584,0,0,adult,safe
0.207887,0.120773,0.05614,0,1,adult,safe
0.221987,0.165665,0.335632,0,1,child,safe
0.159644,0.827059,0.084956,0,0,child,warning
0.324542,0.457771,0.935244,0,0,elderly,safe
0.740926,0.212481,0.110392,0,0,elderly,safe
1.570346,0.306079,0.096879,0,0,elderly,danger
0.239724,0.977129,0.221126,0,0,adult,warning
0.212222,0.827876,0.138057,0,1,adult,danger
0.144907,0.355671,0.393948,0,1,elderly,safe
0.74931,0.089557,0.256104,0,0,adult,safe
0.157896,0.13346,0.302231,0,0,child,safe
0.189676,0.113917,0.097654,0,1,elderly,safe
0.117735,0.197451,0.314587,0,0,adult,safe
0.425981,0.202552,0.139007,0,1,child,safe
0.128081,0.198383,0.090275,0,0,adult,safe
0.121858,0.166275,0.213264,0,0,adult,safe
0.219495,0.104737,0.214297,0,0,adult,safe
1.084653,0.263157,0.119186,0,0,adult,danger
0.1679,0.093432,0.310234,0,0,adult,safe
0.934469,0.03971,1.667253,0,0,elderly,danger
0.200553,0.069654,0.410298,0,0,adult,safe
0.131164,0.227486,0.367738,0,1,elderly,safe
0.988528,0.161406,0.385368,1,0,child,danger
0.404277,0.090831,0.51337,0,0,adult,safe
0.061298,0.141697,0.284475,0,0,adult,safe
1.264094,0.926342,0.086656,0,0,child,danger
0.12192,0.210671,0.16959,1,0,adult,danger
0.29098,0.084781,0.11718,0,0,child,safe
0.283995,0.178618,0.230638,0,0,elderly,safe
0.084404,0.225625,0.220826,0,1,adult,safe
0.234813,0.148913,0.213894,0,0,child,warning
0.256559,0.126432,0.121711,1,0,adult,danger
0.349853,0.334153,0.25187,0,0,child,safe
0.217825,0.203616,0.205246,0,1,child,safe
0.181069,1.015921,0.246416,0,0,child,danger
0.085155,0.812798,0.295897,0,1,adult,danger
0.03549,0.09553,0.307425,1,0,child,danger
0.381591,1.020382,0.382745,0,0,child,danger
0.100966,0.25656,0.326854,0,0,adult,safe
0.346012,0.105948,0.05599,1,0,child,danger
1.116667,0.204651,0.334743,0,0,elderly,danger
0.257839,0.34252,0.213643,0,0,adult,safe
1.264367,0.057586,0.170356,0,0,adult,warning
0.113575,0.291053,1.064144,0,0,adult,danger
0.057203,0.811144,0.119297,0,0,adult,warning
0.159507,0.218203,0.152524,0,0,elderly,safe
0.178185,0.23641,0.272483,1,0,elderly,danger
0.959156,0.220264,0.067892,0,0,adult,warning
0.336605,0.276899,0.22499,0,0,child,safe
0.045756,1.045857,0.049169,0,0,elderly,danger
0.811636,0.806937,0.254896,0,0,elderly,warning
0.143241,0.29938,0.244634,0,0,child,safe
0.075645,0.233142,0.307861,0,0,adult,safe
0.180119,0.215169,0.331744,0,0,elderly,safe
0.87907,0.716346,0.183591,0,0,child,warning
0.225827,0.212136,0.381534,0,0,child,safe
0.257431,0.175941,0.425326,0,0,adult,danger
0.193674,0.882013,0.202727,0,1,elderly,danger
0.154362,0.094508,0.451608,0,0,adult,safe
0.166496,0.267055,0.338495,0,0,adult,safe
0.70657,1.109617,0.897667,0,0,adult,danger
0.198214,0.138336,0.056487,0,0,child,safe
0.061813,0.743071,0.190868,0,1,child,warning
0.305384,0.142814,0.268325,0,0,adult,safe
0.889823,0.161416,0.04625,0,0,child,warning
0.159533,0.786059,0.248754,0,0,adult,safe
0.989784,1.506722,0.109048,0,0,elderly,safe
0.684935,0.180376,0.037668,0,1,elderly,danger
0.818514,0.911904,0.235133,0,0,adult,warning
0.388432,0.80766,0.19,0,1,elderly,danger
0.126011,0.313299,0.15626,0,1,elderly,safe
0.173637,0.185516,0.355302,0,0,adult,safe
1.141885,0.256575,0.17951,0,0,adult,danger
0.103331,0.229732,0.074695,0,0,child,safe
1.013013,0.39926,0.264184,0,0,adult,danger
0.114237,0.33362,0.260664,0,0,child,safe
0.128806,0.340396,0.303904,0,0,adult,safe
0.078915,0.173176,0.096177,0,0,child,safe
0.099389,0.348472,0.180779,0,0,elderly,safe
0.157592,0.156141,0.138787,0,0,elderly,safe
0.168563,0.050583,0.083272,0,1,child,safe
0.810513,0.225059,0.351939,0,1,elderly,danger
0.158466,0.119754,0.056753,0,0,child,safe
0.865812,0.253218,0.147136,0,1,elderly,danger
0.273112,0.158283,0.112319,0,1,child,safe
0.334505,1.002108,0.254521,0,0,adult,danger
0.128954,0.05984,0.203106,0,0,adult,safe
0.127179,0.162942,0.182328,0,0,elderly,safe
0.051678,0.133899,0.249764,0,0,adult,safe
0.16912,0.090824,0.309424,0,0,adult,safe
0.06966,0.338477,0.348968,0,0,adult,safe
0.154028,0.25874,0.17409,0,0,adult,safe
1.136261,0.152012,0.07159,0,0,elderly,safe
0.181985,0.214835,0.20364,0,0,child,safe
0.36528,0.078331,0.068231,0,0,elderly,safe
0.226895,0.323377,0.103906,0,0,child,safe
0.283066,0.207692,0.274203,1,0,adult,danger
0.273866,0.497739,0.122798,0,0,elderly,safe
0.917341,0.172811,0.061121,0,0,adult,warning
0.285245,0.931271,0.121682,0,0,adult,warning
0.06325,0.131646,0.183167,0,1,adult,safe
0.212784,0.169693,0.308209,0,0,adult,safe
1.029202,0.219318,0.165634,0,0,elderly,danger
0.068837,0.351209,0.119063,0,0,child,safe
0.168129,0.950927,0.163773,0,0,adult,warning
0.103087,0.348432,0.406094,0,1,adult,safe
0.268446,0.257387,0.274592,0,0,adult,safe
0.393126,0.124349,0.182161,0,0,adult,safe
0.274854,0.164566,0.800536,0,0,child,warning
0.219757,0.175673,0.222166,0,1,elderly,safe
0.142923,0.190965,0.132251,0,0,elderly,safe
0.249813,0.142407,0.084458,0,0,adult,safe
0.15803,1.530812,0.362056,0,1,adult,danger
0.297388,0.072202,0.23228,0,0,adult,safe
0.311313,0.218446,0.058698,0,0,adult,safe
0.244585,0.773459,0.037333,0,1,adult,danger
0.256355,0.143897,0.274284,0,0,child,safe
0.079397,0.078437,0.419455,0,0,elderly,safe
0.212866,0.838753,0.133707,0,1,child,danger
0.183414,0.239169,0.319604,0,0,child,safe
0.474265,0.220537,1.072962,0,0,adult,danger
0.294623,0.215309,0.257971,0,0,adult,safe
0.439419,0.145781,0.128887,1,0,adult,danger
0.200332,0.082445,0.173085,0,0,child,safe
0.133266,0.217789,0.542163,0,0,child,safe
0.18875,0.125923,0.094923,0,0,elderly,safe
0.219223,0.927692,0.254794,0,0,elderly,warning
0.166796,0.063396,1.330759,0,1,adult,danger
0.05781,1.148196,0.329123,0,0,child,danger
0.202752,0.20382,0.130439,0,0,adult,safe
0.562569,0.337457,0.174546,0,1,elderly,danger
1.014167,0.134304,0.175822,0,0,child,danger
0.332004,0.117931,0.872445,0,0,elderly,warning
0.075057,0.180136,0.202156,0,0,child,safe
0.148427,0.211508,0.824118,0,0,child,warning
0.179566,0.368932,0.248765,0,0,child,safe
0.233553,0.237738,0.091835,0,1,adult,safe
0.970996,0.269986,0.176987,0,0,child,warning
0.047202,0.070008,0.406127,0,0,child,safe
1.113425,0.08566,0.269816,0,0,child,safe
0.18452,1.469613,0.49138,0,0,adult,danger
0.164717,0.768269,0.101154,0,0,adult,safe
0.428451,0.302751,0.09158,0,0,adult,safe
0.492232,0.415562,0.04978,0,0,elderly,safe
0.391219,0.12042,0.251652,0,0,adult,safe
0.384466,0.38201,0.077125,0,0,adult,safe
0.207465,0.082399,0.162874,0,0,adult,safe
0.127577,0.220526,0.181827,0,0,child,safe
0.391451,0.19295,0.175293,0,0,adult,safe
1.059407,0.070345,0.103816,0,0,adult,danger
0.093881,0.076829,0.194372,0,0,child,safe
0.082124,0.190691,0.339305,0,0,child,safe
1.037612,0.290191,0.093138,0,0,elderly,danger
1.168802,0.320673,0.189998,0,0,child,danger
0.146654,0.18232,0.105033,0,0,child,safe
0.261509,0.101323,0.082286,0,0,child,safe
0.139232,0.157426,0.166728,0,1,adult,safe
0.184037,1.013397,0.124145,0,0,adult,danger
0.101361,0.13866,0.18263,0,0,adult,safe
0.093157,0.16379,0.19074,0,0,child,safe
0.260737,0.138587,0.354463,0,0,adult,safe
0.78323,0.252903,0.351614,0,0,adult,safe
1.798991,0.113531,0.162891,0,0,elderly,danger
0.309703,0.224498,0.142694,0,0,adult,safe
0.139557,0.86778,0.229365,0,0,child,warning
0.3346,0.272715,0.311245,0,0,elderly,safe
0.301642,0.861149,0.159559,0,1,adult,danger
0.211687,1.141184,0.315469,0,0,child,danger
0.576803,1.112268,0.450323,0,0,elderly,danger
0.131011,0.424553,0.236375,0,0,adult,safe
1.112723,0.232768,0.153699,0,1,child,danger
0.205097,1.627491,0.309046,0,0,elderly,danger
0.343873,0.419489,0.356699,1,0,adult,danger
0.072253,0.230011,0.135818,1,0,adult,danger
0.886643,0.300772,0.14301,0,0,adult,warning
0.370542,0.356978,0.280344,0,0,elderly,safe
0.2922,0.141832,0.268729,0,0,adult,safe
0.197139,0.349323,0.293883,0,0,elderly,safe
0.363329,0.385136,0.346022,1,0,adult,danger
1.721943,0.148582,0.117671,0,0,child,danger
0.151694,0.373296,0.077285,0,0,elderly,safe
0.084882,0.910941,0.143764,0,0,adult,warning
0.104315,1.02339,0.193497,0,0,elderly,danger
1.317004,0.118245,0.273046,0,0,adult,danger
0.277187,0.263099,0.061081,0,0,adult,safe
0.106367,0.412806,0.846005,0,0,elderly,warning
0.262279,0.245653,1.205104,0,0,elderly,danger
0.923768,1.229337,0.110436,0,0,adult,danger
0.899272,0.903129,0.090406,0,0,elderly,warning
0.215341,0.317625,0.491782,0,0,adult,safe
0.06455,0.269926,0.200632,0,0,elderly,safe
0.212528,0.766023,0.154943,0,1,elderly,danger
0.115302,0.387549,0.255692,0,0,adult,safe
0.264507,0.431672,0.321128,1,0,child,danger
0.196299,0.075014,0.17648,0,0,elderly,safe
0.170074,0.441741,0.090062,0,0,adult,safe
0.227872,0.120647,0.090487,0,0,adult,safe
0.095828,1.086445,0.137842,0,0,child,danger
0.168553,0.392848,0.178181,0,0,child,safe
0.15492,0.084331,0.359183,0,1,child,safe
0.187044,0.292436,0.045514,0,0,elderly,safe
0.1039,0.082368,0.221285,0,0,child,safe
0.071735,0.049171,0.207579,0,0,child,safe
0.05504,0.375216,0.24171,0,0,adult,safe
1.096882,0.212231,0.095189,0,0,adult,danger
0.147108,0.321273,0.231199,0,1,adult,danger
0.206576,0.197013,0.068217,0,0,adult,safe
0.376002,0.079562,0.148915,0,0,adult,safe
0.289058,0.061948,0.128903,0,0,elderly,safe
0.268737,0.234415,0.309296,0,0,adult,safe
0.43564,1.029454,0.085094,0,1,child,danger
0.942943,0.307408,0.163749,0,0,adult,warning
0.133425,0.077894,1.261596,0,0,adult,danger
0.050943,0.174079,0.842536,0,0,adult,warning
0.202112,0.312386,0.331054,0,0,adult,safe
0.159503,0.41908,0.276234,0,0,adult,safe
0.072341,0.13148,0.059817,0,0,adult,safe
0.038705,0.076808,0.250458,0,1,adult,safe
1.446832,1.19955,0.13,0,0,child,danger
0.321555,0.167721,0.081516,0,0,adult,safe
0.215767,0.228394,0.136554,0,1,adult,safe
0.280487,0.083498,0.086056,0,0,adult,warning
0.273363,0.351425,0.084306,0,0,adult,safe
1.133892,0.340755,0.208685,0,0,child,danger
1.01982,0.418206,0.166702,0,0,adult,danger
1.747745,0.101095,0.066521,0,0,child,danger
0.14737,0.150383,0.072537,0,0,elderly,safe
0.042244,1.216804,0.099015,1,0,adult,danger
0.185479,0.116744,0.32674,0,1,elderly,safe
0.103709,0.221184,0.189399,0,0,elderly,safe
0.324129,0.346573,0.502119,0,0,elderly,safe
0.182351,0.161632,0.281289,0,0,child,safe
0.06573,0.277786,0.071326,0,0,child,safe
0.047471,0.297479,0.239684,1,0,child,danger
0.233382,0.914651,0.261679,0,0,elderly,warning
0.24145,0.085533,0.10975,0,0,child,safe
0.367302,0.353672,0.12119,0,0,elderly,safe
0.143223,0.144145,0.350957,0,0,child,safe
0.326,0.123723,0.031822,0,1,child,safe
0.906853,0.140705,0.987093,0,0,adult,warning
0.849269,0.37866,0.190419,0,0,adult,warning
0.931479,0.071408,0.377505,0,0,adult,warning
0.175629,0.095632,0.14293,0,1,adult,safe
0.263305,0.114224,0.097746,0,0,elderly,safe
0.172778,0.334152,0.305141,0,0,adult,safe
0.284983,0.162548,0.129828,0,0,child,safe
0.099566,0.195923,0.364014,0,0,elderly,safe
0.136498,0.200893,0.248911,1,0,child,danger
0.182003,0.747424,0.10296,0,0,adult,safe
0.235626,0.762987,0.127512,0,0,adult,safe
0.131543,0.217629,0.330318,0,1,adult,safe
0.535163,0.440011,0.168404,0,1,child,danger
0.203318,0.148757,0.259245,0,0,adult,safe
0.311244,0.156347,0.417536,0,0,adult,safe
0.26631,0.365649,0.103513,0,0,elderly,safe
0.419268,0.188343,0.167856,0,0,elderly,safe
0.348117,0.248057,0.303368,0,0,adult,safe
0.084517,0.147379,0.391151,0,0,adult,safe
0.057001,0.257531,0.449155,0,0,adult,safe
0.117629,0.256983,0.160555,0,1,adult,safe
0.132721,0.562397,0.15109,0,0,adult,safe
0.087112,0.192384,0.112301,0,0,elderly,safe
0.376982,0.79245,0.300656,0,0,child,safe
0.121346,1.051074,0.11824,0,0,adult,danger
1.038388,0.136165,0.257016,0,0,adult,danger
0.117298,0.834621,0.04777,0,0,child,warning
0.208161,0.828612,0.288061,1,1,adult,danger
0.209475,0.107514,0.080143,0,0,elderly,safe
0.994093,1.189787,0.12388,0,0,child,danger
0.247559,0.955269,0.214694,0,0,child,warning
1.594818,0.352812,0.13664,0,0,child,danger
0.278455,0.208415,0.145297,0,1,elderly,safe
0.168628,0.086923,0.208055,0,0,child,safe
0.210745,0.312383,0.100367,0,0,adult,safe
0.089725,0.299039,0.251402,0,0,adult,safe
0.275233,1.409521,0.167543,0,0,elderly,danger
0.340078,1.713249,0.207905,0,0,adult,danger
0.293812,0.844757,0.159041,0,0,elderly,warning
0.154527,0.153973,0.076546,0,0,elderly,safe
0.103899,0.157464,0.283019,0,0,elderly,safe
0.086825,0.188231,0.146565,0,0,child,safe
0.901373,0.337908,0.249661,0,0,child,warning
0.191915,0.729515,0.24785,0,0,child,danger
0.918194,0.103485,0.152875,0,0,adult,warning
0.173803,0.129072,0.162793,0,1,adult,safe
1.092183,0.198591,0.163361,0,0,elderly,danger
0.373541,0.146872,0.107083,0,0,adult,safe
0.37278,0.262268,0.379161,0,0,elderly,safe
0.230413,0.464277,0.115147,1,0,adult,danger
1.073993,0.237247,0.12074,0,0,elderly,danger
0.240521,1.453533,0.308301,1,0,adult,danger
0.238084,0.333138,0.441453,0,1,child,safe
0.151735,0.185282,0.184052,0,0,child,safe
0.12459,0.322328,0.296005,0,0,adult,safe
0.124429,0.253,0.160742,0,0,adult,safe
0.150484,0.119059,0.378368,0,0,child,safe
0.337325,1.044596,0.065479,0,0,elderly,danger
0.262754,1.021572,0.049939,0,0,child,danger
0.102275,0.197524,0.087089,0,0,child,safe
0.905412,0.771644,0.364062,0,0,adult,warning
0.368503,1.104649,0.197768,0,1,child,danger
0.187549,0.263517,0.05064,1,0,adult,danger
0.270953,0.239259,0.193801,0,1,adult,safe
0.244742,0.309261,0.406918,0,0,adult,safe
0.072659,0.104333,0.129166,0,0,adult,safe
0.072824,1.028624,0.354267,0,0,adult,danger
0.326911,0.152275,0.077782,0,0,adult,safe
0.101401,0.109902,0.288977,0,0,adult,safe
0.117676,0.245444,0.091654,0,0,adult,safe
0.068497,0.265153,0.286833,0,0,adult,safe
0.080739,0.147338,0.162143,0,0,adult,safe
0.191818,0.864098,0.129058,0,0,elderly,warning
0.281269,0.177454,0.337005,0,0,adult,safe
0.791006,0.232765,0.279274,0,1,child,danger
0.204951,0.076756,0.286092,0,0,adult,safe
0.105556,1.093127,1.022033,0,0,adult,danger
0.463954,0.226912,0.096075,0,0,child,safe
0.363777,0.327923,0.179331,0,0,adult,warning
0.171968,0.344752,0.074702,1,0,adult,danger
0.097511,0.270439,0.186109,0,0,adult,safe
0.078388,0.275477,0.295563,0,0,elderly,safe
1.69124,0.062858,0.10863,0,1,adult,danger
0.332411,0.274667,0.127347,0,0,elderly,warning
0.308469,0.941585,0.27937,0,0,child,warning
0.881269,0.231845,0.138909,0,0,adult,warning
0.778356,0.308151,1.565067,0,0,adult,danger
0.129241,0.231515,0.130921,0,0,adult,safe
0.231326,1.679723,0.229792,0,0,child,danger
0.237393,1.40861,0.14704,0,0,child,danger
0.17949,0.054607,0.279997,0,0,child,safe
0.143654,0.321314,0.136229,0,1,adult,safe
1.106607,0.14905,0.095534,0,0,elderly,danger
0.291504,0.11782,0.100631,1,0,elderly,safe
0.027227,0.113587,0.266969,0,0,adult,safe
0.044897,0.390526,0.374154,0,0,elderly,safe
1.204013,0.180664,0.210519,1,1,adult,danger
0.301994,0.249166,1.669292,0,0,adult,danger
0.13161,0.049737,0.158477,0,0,adult,safe
0.103282,0.968895,0.076459,0,0,elderly,warning
0.201424,0.076668,0.082021,0,1,elderly,safe
0.083399,0.185665,0.153913,0,0,adult,safe
0.27706,0.13533,0.13139,0,0,adult,safe
0.136191,0.997463,0.103506,0,0,child,warning
0.1912,0.150493,0.36415,1,0,adult,danger
0.205139,0.182091,0.050647,0,0,adult,safe
0.187852,1.020195,0.076599,0,0,elderly,danger
0.049486,1.707563,0.274659,0,0,child,danger
0.191203,1.441975,0.431407,0,0,child,danger
0.221706,0.20401,0.061842,0,0,child,safe
0.060393,0.113393,0.127812,0,0,child,safe
0.07035,0.201314,0.221292,0,0,child,safe
0.452927,0.820689,0.383155,0,0,adult,warning
0.115383,0.138136,0.176481,0,0,adult,safe
0.109605,0.750648,0.212049,0,0,elderly,safe
1.25778,0.265891,0.082141,0,0,elderly,danger
0.07926,0.24836,1.523327,0,0,child,danger
0.209227,0.116588,0.153249,0,0,adult,danger
0.176862,0.92707,0.180649,0,0,adult,warning
0.387068,0.358524,0.24526,0,1,elderly,safe
1.043782,0.150702,0.175126,0,0,child,danger
0.374777,0.186407,0.053907,0,0,adult,danger
0.313961,0.047074,0.241025,0,0,child,safe
0.123399,1.014431,0.100897,0,0,child,danger
0.218134,0.305562,0.044094,0,0,adult,safe
0.133722,0.187524,0.186756,0,0,child,safe
0.118373,0.946055,0.171556,0,0,child,warning
0.21498,0.294319,0.115742,0,0,elderly,safe
0.173528,0.918473,0.054767,0,0,elderly,warning
0.150076,0.237986,0.116685,0,0,adult,safe
0.158485,0.225071,0.242981,0,0,child,safe
0.141845,0.08737,0.264043,0,0,elderly,safe
0.404622,0.298651,0.124051,0,0,adult,safe
0.194285,0.143803,0.067186,0,1,adult,safe
0.11087,0.103559,0.118632,1,1,child,danger
0.97499,0.375343,0.16878,0,0,adult,warning
0.146433,0.280178,0.236523,0,0,adult,safe
0.072103,0.159134,0.041483,0,0,elderly,safe
0.176287,0.115686,0.166151,0,0,adult,safe
1.119402,0.769927,0.338694,0,0,child,danger
0.206763,0.06936,0.300427,0,0,adult,safe
0.193359,0.228228,1.081515,0,0,adult,danger
0.183171,0.245222,0.198788,0,0,adult,safe
0.148618,0.229234,0.114002,0,1,adult,safe
0.411022,0.905972,0.179067,0,0,child,warning
0.217789,0.224185,0.192334,0,1,child,safe
0.330958,0.107986,1.299372,0,0,elderly,danger
0.117446,1.604292,0.315607,0,0,child,danger
0.307872,0.046914,0.117644,0,0,adult,safe
0.1995,0.207555,0.216157,0,0,adult,safe
0.086327,0.06877,0.183672,0,0,adult,safe
0.228468,0.866576,0.907336,0,0,adult,danger
0.112584,0.103046,0.092619,0,0,child,safe
0.23234,1.09698,0.163534,0,0,adult,danger
0.309123,0.114545,0.275083,0,0,adult,safe
0.78835,0.223076,0.172855,0,1,child,danger
1.014877,0.27809,0.242908,0,1,child,danger
0.166673,0.156339,0.2278,0,1,adult,safe
1.66827,0.067252,0.145693,0,0,elderly,safe
0.043314,0.104724,0.282278,0,0,adult,safe
0.049214,0.12595,1.35439,0,0,child,danger
0.288173,0.062379,0.163145,1,0,child,warning
0.116278,0.399449,0.141239,0,0,adult,safe
0.432868,0.156407,0.082714,0,1,adult,safe
0.90714,0.398288,0.2377,0,0,elderly,warning
0.135707,0.094346,0.16389,0,0,adult,safe
0.1712,0.19905,0.091864,0,0,elderly,safe
0.131183,0.254379,0.14594,0,0,elderly,safe
1.536959,0.144106,0.318406,0,0,elderly,danger
0.046113,0.170639,0.107077,0,0,adult,safe
0.294167,0.112412,0.132435,0,0,adult,safe
0.255729,0.343531,0.172355,0,0,adult,safe
0.808919,0.154091,0.253402,0,0,adult,warning
1.019462,0.099655,0.113384,0,0,elderly,danger
0.907305,1.509125,0.186019,0,0,adult,danger
0.155374,0.247668,0.12122,1,1,adult,danger
0.120055,0.169483,0.231735,0,1,adult,warning
0.821864,0.071822,0.266746,0,0,adult,warning
0.312431,0.299531,0.141463,0,0,child,safe
0.070775,0.03978,0.332719,0,0,adult,safe
0.212942,0.137432,0.259064,0,0,child,safe
0.9562,0.107711,0.124226,0,0,adult,danger
0.079755,0.112463,0.349448,0,0,child,safe
0.260205,0.254839,0.286987,1,0,adult,danger
0.880159,1.309994,1.644176,0,0,elderly,danger
0.096309,0.241934,1.64458,0,0,elderly,danger
0.397697,0.096597,0.215481,0,0,elderly,safe
0.332613,0.258795,1.255238,0,0,child,danger
0.280801,0.917262,0.141841,0,0,child,warning
0.207059,1.0319,0.208997,0,0,elderly,danger
0.147529,0.127505,0.161462,0,0,adult,safe
0.305759,0.064139,0.533453,0,0,adult,safe
0.176019,1.01556,0.130447,0,0,child,danger
0.825517,0.257232,0.132992,0,0,adult,warning
0.277225,0.201725,0.227272,0,0,child,safe
0.055445,1.03212,0.105899,0,0,adult,danger
0.155794,0.108207,0.158406,0,0,child,safe
0.357884,0.109313,0.098342,0,0,elderly,safe
0.420696,0.082056,0.314457,0,0,adult,safe
0.126215,0.258298,0.384999,1,0,child,danger
0.09857,1.026439,0.225703,0,0,elderly,danger
0.409535,0.21521,0.201185,0,1,elderly,safe
1.021032,0.14375,0.156612,0,0,adult,danger
0.425165,0.217472,0.142676,1,0,adult,danger
0.099939,0.368507,0.301056,0,0,adult,safe
0.249988,0.195763,0.332681,0,0,child,safe
0.067123,0.279176,0.241547,0,0,adult,safe
0.308642,0.787306,0.171664,0,0,adult,safe
0.062937,1.698295,0.301192,0,0,adult,danger
0.20179,0.189715,0.447314,0,0,adult,warning
0.919912,1.563338,0.278475,0,0,child,danger
0.461646,0.119365,0.311182,0,1,adult,safe
1.133239,0.389139,0.084709,0,0,adult,danger
0.305262,0.165718,0.220709,0,0,adult,safe
0.222747,0.077091,0.091816,0,0,adult,safe
0.046659,0.98105,0.270236,0,0,adult,warning
0.193628,0.443471,0.140595,0,0,elderly,safe
0.118709,0.117846,0.15258,1,1,elderly,danger
0.280064,0.994877,0.249814,0,0,adult,warning
0.034593,0.346855,0.114197,0,0,child,safe
0.055065,0.092204,0.063915,0,0,adult,safe
0.121118,0.14955,0.236454,0,0,child,safe
0.094637,0.397524,0.071968,0,0,adult,safe
0.156427,0.239405,0.104495,0,0,adult,safe
0.315045,0.280161,0.160669,0,0,elderly,safe
0.856471,0.395252,0.351009,0,0,adult,warning
0.926423,0.146467,0.150805,1,0,adult,danger
0.186398,0.228776,0.133106,0,0,adult,safe
0.987654,0.327378,0.056289,0,1,adult,danger
0.10252,0.307243,0.100316,0,0,elderly,safe
0.306644,1.184651,0.209956,0,1,adult,danger
0.939944,0.287471,0.129446,0,0,adult,warning
0.08916,0.31598,0.076217,0,0,adult,safe
0.305591,0.191875,0.078551,0,0,adult,safe
0.82014,0.087238,0.102302,0,0,adult,safe
0.499306,0.0571,0.237571,0,0,adult,safe
0.110914,0.237911,0.244183,0,0,adult,safe
0.124726,0.222961,0.385625,0,0,adult,safe
0.316108,0.333913,0.169159,0,0,adult,safe
0.077797,0.285042,0.296711,0,0,child,safe
0.227851,0.177464,0.083138,0,0,elderly,warning
0.123075,0.189754,0.285061,0,1,child,safe
0.566259,0.240742,0.426135,1,0,elderly,danger
0.139757,0.185652,0.216854,1,0,adult,danger
0.179347,0.170044,0.03576,0,0,adult,safe
0.076559,0.209856,0.182962,0,0,elderly,safe
0.881432,1.480383,0.272423,0,0,adult,danger
0.360615,0.237753,0.470352,0,0,adult,safe
0.224095,0.146444,0.36045,0,0,elderly,safe
0.287113,0.111743,0.150983,0,0,child,safe
0.307414,0.10854,0.208582,0,0,adult,safe
1.064079,0.2334,0.103537,1,0,elderly,danger
0.17514,0.809588,0.172251,0,1,elderly,danger
0.142764,0.276884,0.093665,0,0,child,safe
0.088675,0.137627,0.217683,0,1,elderly,safe
0.227612,0.148496,0.089396,0,0,adult,safe
0.841938,1.663771,0.347116,0,1,adult,danger
0.304081,0.043929,0.374426,0,0,adult,safe
0.141352,0.137641,0.126418,0,0,adult,safe
0.149388,1.413917,0.761366,0,0,child,danger
0.11,0.138027,0.203562,0,0,adult,safe
0.089324,0.178925,0.194386,0,0,adult,safe
0.198809,0.089948,0.048062,0,0,adult,safe
0.807704,1.163679,0.170671,0,0,child,danger
0.448932,1.031626,0.090592,1,0,adult,danger
0.164255,0.283107,0.245393,0,1,child,safe
0.306571,0.145282,0.396869,0,0,adult,safe
0.083257,0.1569,0.314725,0,0,child,safe
0.061218,0.199871,0.155638,0,0,elderly,safe
0.167526,0.115295,0.378523,0,0,child,safe
0.243593,0.095885,0.142265,0,0,adult,safe
0.139986,1.09391,0.228789,1,0,elderly,danger
0.023815,0.784108,0.2573,0,0,adult,safe
0.322894,0.022999,0.165494,0,0,adult,safe
0.11315,0.168087,0.143568,0,0,adult,safe
0.329996,0.382573,0.12327,0,0,elderly,safe
0.174554,0.143989,0.149273,0,1,adult,warning
0.317024,0.132747,0.138301,0,0,adult,safe
0.078065,0.306789,0.093351,0,0,child,safe
0.287013,0.174586,0.163647,0,0,child,safe
0.935268,0.202608,0.161714,1,0,adult,danger
1.113632,0.271939,0.252634,0,1,child,danger
0.155362,0.081111,0.144326,0,0,elderly,safe
0.236725,0.185746,0.117237,0,0,adult,safe
0.070634,0.928116,0.200812,0,1,child,danger
0.157526,0.143885,0.072236,0,0,child,safe
0.197713,0.198473,0.282043,0,0,adult,safe
0.206946,0.119524,0.359501,1,0,child,danger
0.146227,0.107965,0.096091,1,0,elderly,danger
0.157314,0.17235,0.088459,0,0,elderly,safe
0.116128,0.080074,0.080912,0,1,adult,safe
0.164219,0.236973,0.231815,0,0,elderly,safe
0.213088,0.375605,0.07783,0,0,elderly,safe
0.145481,0.081963,0.155596,0,0,adult,safe
0.17476,0.155105,0.094803,0,1,elderly,safe
0.212778,0.107617,0.164896,0,1,adult,safe
0.136565,1.031267,0.107604,0,0,child,danger
0.236747,0.120344,0.388702,0,0,child,safe
0.156239,0.138454,0.276396,0,0,adult,safe
0.888195,0.258794,0.090805,0,0,adult,danger
1.037348,0.453707,0.363946,0,1,adult,danger
0.101557,0.949749,0.207939,0,0,adult,warning
0.135586,0.350691,0.085962,0,0,child,safe
0.107699,0.901597,0.129411,0,0,elderly,warning
0.198215,0.29061,1.81678,0,0,adult,danger
0.109525,0.925345,0.166962,0,0,child,warning
0.100097,0.352965,0.077718,1,1,adult,danger
0.123299,0.065876,0.420194,1,0,adult,danger
0.777052,0.249659,0.102305,0,0,adult,safe
0.161281,0.170604,0.32541,0,0,adult,safe
0.206653,0.375033,0.071668,0,0,elderly,safe
1.249363,0.335671,0.2962,0,1,child,danger
0.081018,0.061457,0.118833,0,0,child,safe
0.292477,0.888493,0.263092,0,0,elderly,warning
0.157526,0.115749,0.240698,0,1,child,safe
0.174059,0.179536,0.139435,1,0,adult,danger
0.120266,0.234756,0.074589,0,0,elderly,safe
0.257137,1.153523,0.243437,0,0,adult,danger
0.35541,0.368696,0.099651,0,0,elderly,safe
0.416359,0.777378,0.254709,0,0,elderly,safe
0.226696,0.931887,0.160311,0,1,adult,danger
1.009059,0.049828,0.283578,0,0,elderly,danger
0.044916,0.332195,0.213914,0,0,adult,safe
0.153807,0.066261,0.166969,1,1,adult,danger
1.163005,1.052194,0.110863,0,0,adult,danger
0.232596,0.243299,0.035247,0,0,elderly,safe
0.083157,0.879791,0.359542,0,0,child,warning
0.208846,0.119009,0.236828,0,0,adult,safe
0.122899,1.768986,0.247134,0,1,adult,danger
0.189065,0.086498,0.131536,0,0,adult,safe
0.183857,0.111196,0.359833,0,0,adult,safe
0.163569,0.24114,0.261075,0,0,adult,safe
0.398352,0.376001,0.118659,0,0,child,safe
0.242883,0.138478,0.27985,0,0,adult,safe
0.111375,0.450241,0.130151,0,0,adult,danger
0.247124,0.13167,0.230697,0,0,elderly,safe
0.137844,0.29721,0.252312,0,1,adult,safe
0.08024,0.223047,0.794478,0,0,elderly,safe
0.197736,0.376324,0.212683,1,0,adult,danger
1.060181,0.061257,0.090099,0,0,elderly,danger
0.16283,0.121966,0.410872,0,0,child,safe
1.007608,0.220848,0.196174,0,0,adult,danger
0.187087,0.218804,0.275283,1,1,adult,danger
0.176711,0.147795,0.317345,0,0,elderly,safe
0.984975,0.152028,0.027669,0,1,child,danger
0.265485,0.310462,0.310433,0,1,child,safe
0.078682,0.161057,0.300908,0,1,adult,safe
0.269884,0.161517,0.180119,0,0,elderly,safe
0.158235,1.007661,0.22144,0,0,elderly,danger
0.128295,0.306901,0.340843,0,0,child,safe
0.169632,0.214476,0.071219,0,0,elderly,safe
0.168268,0.311827,0.122333,0,0,elderly,safe
0.820132,0.878429,0.150582,0,0,adult,warning
0.477575,0.139478,0.198845,0,0,adult,safe
0.2744,0.205759,0.265539,0,0,child,safe
0.248064,0.078447,0.371349,0,0,child,safe
0.723852,0.151135,0.131586,0,0,adult,safe
0.085711,0.892503,0.246144,0,0,child,warning
0.30174,0.082303,0.285341,0,0,child,safe
0.092283,0.514358,0.296847,0,0,child,safe
0.277285,0.1741,0.360381,0,1,adult,safe
0.158602,0.327232,0.072516,0,0,child,safe
0.128516,0.185638,0.309044,0,0,adult,safe
0.900759,0.162532,0.258108,0,0,child,warning
0.483304,0.296504,0.15364,0,1,adult,warning
0.250531,0.352738,0.198499,0,0,adult,safe
0.253556,0.274003,0.160142,0,0,child,safe
0.109448,0.321938,0.418069,0,1,elderly,safe
0.322906,0.113017,0.267142,0,0,child,safe
0.228422,0.839998,0.146319,0,0,adult,warning
0.208182,0.17078,0.215814,0,0,adult,safe
0.21928,0.38246,0.108333,0,0,elderly,safe
0.069897,0.835596,0.179951,0,0,elderly,warning
0.137566,0.194712,0.151038,0,0,adult,safe
0.165412,0.223574,0.080082,0,0,child,danger
0.286421,0.176316,0.219528,0,0,adult,safe
0.406219,0.166226,0.237087,0,1,child,safe
0.046917,0.233133,0.179233,0,0,adult,safe
0.363192,0.148001,0.152979,0,0,adult,safe
0.197137,0.175206,0.101722,0,1,adult,safe
0.213282,0.088513,0.173428,0,0,elderly,safe
0.226824,1.062613,0.128859,0,0,child,danger
0.193302,0.907227,0.093222,0,0,elderly,warning
0.153852,0.366685,0.136492,0,0,adult,safe
0.839677,0.108994,0.120844,0,0,adult,warning
0.285884,0.231531,0.157559,0,0,child,safe
0.172456,0.198899,0.130827,0,1,adult,safe
0.169235,1.019081,0.101593,0,0,child,danger
0.726175,0.152342,0.168572,0,0,child,safe
0.963013,0.247521,0.315623,0,0,adult,warning
0.250403,0.241307,0.27219,0,0,elderly,safe
1.182725,0.152814,0.143926,1,1,adult,danger
0.07131,1.058452,0.032666,0,0,elderly,danger
0.154472,0.953516,1.120279,0,0,adult,danger
1.223119,1.302573,0.20085,0,0,adult,danger
1.078049,0.21826,0.351785,0,0,child,danger
0.298191,0.134569,0.104522,0,0,adult,safe
0.435282,0.871224,0.053639,0,0,adult,warning
0.986419,0.221346,0.079779,0,0,child,warning
0.24662,0.160296,0.132271,0,0,elderly,safe
0.913125,0.058208,0.181982,0,0,adult,warning
0.746644,0.224791,0.217952,0,0,child,safe
0.13892,0.173721,0.431388,0,0,adult,safe
0.118727,0.105855,0.132146,0,1,child,safe
0.131353,0.120883,0.133239,0,0,elderly,safe
0.296641,0.347001,0.228507,0,0,child,safe
0.145272,0.346221,0.162294,0,0,adult,safe
0.270183,1.305976,0.135256,0,1,elderly,danger
0.726766,0.298654,0.233485,0,0,adult,safe
0.072628,0.283589,0.311427,0,1,elderly,safe
0.275592,0.041899,0.534614,0,0,adult,safe
0.277072,0.995037,0.185148,0,0,adult,warning
0.084756,0.831284,0.066776,0,1,adult,danger
0.902804,0.177495,0.289258,0,0,elderly,warning
0.1756,1.076313,0.088663,0,0,child,danger
0.229394,0.389953,0.355347,0,0,adult,safe
0.20298,0.192483,0.257582,0,0,adult,safe
0.858461,0.082042,1.180194,0,0,adult,danger
1.193275,0.785891,0.086992,0,1,adult,danger
0.336501,0.086087,0.342617,0,0,child,safe
0.077699,0.135905,0.175378,0,0,adult,safe
0.14508,0.920585,0.253532,0,0,child,warning
0.135057,0.136649,0.077944,0,0,elderly,safe
0.08931,1.616014,0.159584,0,0,child,safe
0.16065,0.121681,0.25169,0,0,elderly,safe
0.2908,0.310907,0.184294,0,0,adult,safe
0.115788,0.05076,0.3195,0,0,adult,safe
0.209171,0.239649,0.207536,0,0,child,safe
0.130636,1.102289,0.178405,0,0,child,warning
0.315408,0.114874,1.305812,0,0,adult,danger
0.286778,0.178288,0.289828,0,0,child,safe
0.892964,0.801851,0.354814,0,0,adult,warning
0.298696,0.462954,0.294233,1,0,adult,danger
0.254698,0.972388,0.113752,0,0,elderly,warning
0.244023,0.13587,0.271872,0,0,adult,safe
1.085859,0.986433,0.193101,1,0,adult,danger
0.123227,0.37669,0.113652,0,0,adult,safe
0.202825,0.220544,0.130196,0,0,child,safe
0.176389,0.163301,0.134778,0,0,child,safe
0.899686,0.366838,0.039271,0,0,child,warning
0.362243,0.168748,0.178541,0,0,adult,safe
0.27165,0.059325,0.276311,0,1,child,safe
0.35212,0.262567,0.105749,0,0,elderly,safe
0.443145,0.167967,0.045551,0,0,adult,safe
0.162647,1.007494,0.13492,0,1,adult,danger
0.057526,1.083322,0.076758,0,0,elderly,danger
0.259362,0.269813,0.38079,0,0,adult,safe
1.295208,0.684258,0.23164,0,0,adult,danger
0.919142,0.24717,0.305306,0,1,adult,danger
0.262059,0.296338,0.199139,0,1,adult,safe
0.262628,0.336314,0.109377,0,0,elderly,safe
0.811638,0.397736,0.257355,0,1,adult,danger
0.248821,0.248962,0.123934,0,0,adult,safe
1.020153,0.19843,0.15488,0,0,adult,danger
0.075384,0.400588,0.137268,0,0,adult,safe
0.167714,0.265635,0.16331,0,0,adult,safe
0.167651,0.115526,0.313392,0,0,elderly,safe
0.243447,0.176364,0.139971,0,0,adult,safe
0.934035,0.228041,0.161738,0,0,adult,safe
0.356903,0.079211,0.235796,1,0,elderly,danger
0.214788,0.416674,0.121726,0,0,adult,safe
0.878964,0.439257,0.170326,0,0,elderly,warning
0.108646,0.244451,0.258388,0,0,elderly,safe
0.339815,0.231297,0.109545,0,1,adult,safe
0.213726,0.123895,0.054501,0,0,adult,safe
0.974309,0.197613,0.209928,0,0,elderly,warning
0.081273,0.064857,0.239459,0,0,child,safe
1.117809,0.723093,0.287549,0,0,elderly,danger
0.281362,0.120115,0.319331,0,0,child,safe
0.244127,1.079377,0.167002,1,1,elderly,danger
1.192386,0.119833,0.364898,0,0,adult,danger
0.258697,0.253671,0.188914,0,0,elderly,safe
0.30249,0.476276,0.303093,0,0,elderly,safe
0.081096,0.096682,0.307136,0,0,elderly,safe
0.162397,0.363711,0.130445,0,0,adult,safe
0.357744,0.161005,0.212492,0,1,adult,safe
0.136487,0.261809,0.222805,0,0,elderly,safe
0.900441,0.284517,0.312927,0,0,adult,warning
0.218784,0.269534,1.464211,0,0,adult,danger
0.165549,0.361322,0.252822,0,1,child,safe
0.172858,0.309968,0.18113,0,0,adult,safe
0.33521,0.839797,0.838388,1,0,adult,danger
0.747065,0.290514,0.049821,1,0,adult,danger
1.050514,0.202824,0.261553,0,0,adult,danger
0.430821,0.871401,0.215434,0,1,adult,danger
1.102026,0.155075,0.123262,0,0,elderly,danger
1.679852,0.138169,0.108696,0,0,adult,danger
0.208281,0.318464,0.069357,0,0,adult,safe
0.109143,0.187144,0.273526,0,1,adult,safe
0.177917,0.045387,0.211019,0,0,adult,safe
0.380477,0.224366,0.238693,0,0,adult,safe
0.304839,0.287293,0.289395,0,0,elderly,safe
0.164819,0.406986,0.273309,0,0,elderly,safe
0.289324,0.16654,0.791463,0,0,adult,safe
0.250258,0.07601,0.148603,0,0,elderly,safe
0.113689,0.089133,0.148584,0,0,elderly,safe
0.191142,0.833136,0.233752,0,0,adult,warning
0.780219,0.190126,0.101239,0,1,elderly,danger
0.941018,0.291143,0.122415,0,0,adult,warning
0.31777,0.075313,0.279029,0,0,adult,safe
1.019857,1.068402,0.182329,0,0,child,danger
0.218784,0.174616,0.18967,0,0,adult,safe
0.413462,0.233736,0.289365,0,0,child,safe
0.224389,1.104262,0.370455,0,0,adult,danger
0.980041,0.248135,0.028746,0,0,child,warning
0.140361,0.304299,0.24117,1,0,child,danger
0.188852,0.077486,0.431137,0,1,adult,danger
0.785006,0.08953,0.219703,0,0,adult,safe
0.202251,0.925294,0.193339,0,0,adult,warning
0.110457,0.824148,0.194738,0,0,adult,warning
0.108464,0.239369,0.158965,0,1,child,safe
0.153338,0.168178,0.334742,0,0,adult,safe
0.164434,1.309448,0.170388,0,1,elderly,danger
0.03994,0.151086,0.399934,0,1,adult,safe
0.480774,0.940278,0.135171,0,0,adult,warning
0.197288,0.258498,0.184579,0,1,adult,safe
0.3024,0.11605,0.373769,0,1,adult,safe
0.246887,1.060668,0.202108,0,0,adult,danger
0.146292,0.109291,0.146586,0,0,adult,safe
0.146576,0.848857,0.465318,0,0,child,warning
0.863631,0.096311,0.268771,0,0,adult,warning
0.977602,0.922369,0.234107,0,0,adult,warning
0.772709,0.301616,0.108375,0,0,child,safe
0.069819,0.258288,0.571126,0,0,adult,safe
0.076368,0.049927,0.239896,1,0,adult,danger
0.335352,0.127101,0.297761,0,1,elderly,safe
0.258436,0.100906,0.290242,1,0,child,danger
0.315138,0.059846,0.151969,0,0,adult,safe
0.186171,1.046652,0.403927,0,0,adult,danger
0.353447,0.121283,0.113197,0,0,child,safe
1.121673,0.454367,0.255091,0,1,adult,danger
0.862719,0.18476,0.142967,0,0,adult,warning
0.211296,0.169207,0.104159,0,0,elderly,safe
0.262613,0.14755,0.14788,0,0,adult,safe
1.584195,0.150549,0.251311,0,0,child,danger
0.105924,0.838095,0.137593,0,0,elderly,warning
0.85454,1.169733,0.114788,0,0,adult,danger
0.188139,0.173777,0.25308,0,0,adult,safe
0.166589,1.23126,0.160197,0,0,adult,danger
0.355873,0.111651,0.352721,0,1,elderly,safe
0.881605,0.353725,0.212583,0,0,adult,warning
0.197385,1.10742,0.061406,0,0,elderly,danger
0.065224,0.140784,0.290907,0,1,adult,safe
0.112651,0.170435,0.316248,0,0,elderly,safe
0.183101,0.225962,0.373591,0,0,adult,safe
0.170694,0.050483,0.107433,0,0,adult,danger
0.25225,0.245174,0.148537,0,1,elderly,safe
0.096534,0.281739,0.309074,0,0,adult,safe
0.242018,0.942623,0.323004,0,1,adult,danger
0.177254,0.310879,0.114995,0,0,elderly,safe
0.198146,0.912477,0.091002,0,1,child,danger
0.340509,0.914525,0.288653,0,0,elderly,warning
0.156575,0.202536,1.011581,0,0,elderly,danger
1.159431,0.170814,0.235188,0,0,adult,danger
0.898795,0.351367,0.128563,0,0,adult,warning
0.311992,0.248638,0.483628,0,1,adult,safe
0.203742,0.095303,0.274456,0,1,adult,safe
0.083989,0.255177,0.903385,0,0,adult,warning
0.043928,0.836209,0.285004,0,0,adult,warning
0.064095,0.160305,0.179405,0,0,adult,safe
0.121172,0.177914,0.178985,0,0,adult,safe
0.068562,0.083215,0.070184,0,0,elderly,safe
0.160145,0.192718,0.28596,0,0,adult,safe
0.183172,0.249785,0.237108,0,0,elderly,safe
0.293848,0.289795,0.118992,0,0,elderly,safe
0.25975,0.104147,0.234121,0,0,child,safe
0.102012,0.216561,0.140742,0,0,adult,safe
0.118588,0.086936,0.203714,0,0,adult,safe
0.135848,0.107418,0.180399,0,1,child,safe
0.098766,0.085044,0.33494,0,0,elderly,safe
0.152602,0.167085,0.401871,0,0,adult,safe
0.373999,0.150435,0.152931,0,0,adult,safe
0.24211,0.12054,0.388583,0,1,adult,safe
1.503786,0.32345,0.165845,0,0,adult,danger
0.106535,0.156595,0.249237,0,0,adult,safe
0.277643,0.308671,0.27399,0,0,elderly,safe
0.22429,0.336968,0.17429,0,0,elderly,safe
0.089754,0.331504,0.081451,0,0,child,safe
0.227264,0.160315,0.160561,0,0,adult,safe
0.235592,0.274999,0.356802,0,0,child,safe
0.259862,0.301141,1.115626,0,0,child,danger
0.11564,0.176972,0.110196,0,0,child,safe
0.129299,0.255424,0.18354,0,0,adult,safe
0.149046,0.063674,0.234712,0,1,elderly,safe
0.384699,0.112127,0.256966,0,0,elderly,safe
0.066706,1.663172,0.103924,0,0,elderly,danger
0.264098,0.136774,0.23013,0,1,adult,safe
0.169217,0.350529,0.332176,0,0,adult,safe
0.061038,0.131425,0.059408,0,0,child,safe
1.004471,0.086046,0.374294,0,0,adult,danger
0.2504,0.122564,0.163029,0,1,elderly,safe
0.074383,0.275027,0.351038,0,0,adult,safe
0.210757,0.911634,0.303887,0,0,adult,warning
0.026396,0.894285,0.289141,0,0,elderly,warning
0.054205,0.317232,0.185542,0,1,elderly,safe
0.895796,0.187672,0.163661,0,0,elderly,warning
0.358322,0.378966,0.3665,0,1,child,safe
0.385133,0.254418,0.081861,0,0,elderly,safe
1.532582,0.376493,0.36894,0,0,adult,danger
0.128469,0.120718,0.230606,0,0,adult,safe
0.193702,0.107819,0.144692,0,0,child,safe
0.130452,1.022263,0.088959,0,0,elderly,danger
0.25135,0.193614,0.373375,0,1,child,safe
0.724146,0.145165,0.226847,0,0,adult,safe
0.300758,0.200359,0.137478,0,0,child,safe
0.31919,0.309415,0.050693,0,0,adult,safe
0.424517,0.92259,0.111144,0,0,child,warning
0.190539,0.042829,0.194418,0,0,elderly,safe
0.262853,0.06717,0.303506,0,0,adult,safe
0.090281,1.135411,0.254743,0,0,adult,danger
0.375419,0.259248,0.242848,1,0,adult,danger
0.140562,0.177831,0.198459,0,0,adult,safe
0.129513,0.112618,0.220438,0,0,adult,safe
0.062215,0.169294,0.170778,0,0,elderly,safe
0.256855,0.109674,0.08401,0,0,elderly,safe
0.287342,0.204582,0.106583,0,1,adult,safe
0.456039,0.101366,0.144414,0,0,adult,safe
0.179609,0.250292,0.141364,0,0,adult,safe
0.38164,1.124169,0.127816,0,0,adult,danger
0.166903,0.304114,0.144264,0,0,adult,safe
0.305905,1.249245,0.070384,0,0,adult,warning
0.299799,0.088556,0.033994,0,0,adult,safe
1.404858,0.137632,0.093378,0,0,adult,safe
0.170813,0.133449,0.055728,0,0,adult,safe
0.055518,0.123234,0.098569,0,0,adult,safe
0.187644,1.884294,0.242971,0,0,adult,danger
1.163323,0.978864,0.191554,0,0,adult,danger
0.354476,0.250022,0.403181,0,0,adult,safe
0.201603,0.273227,0.285663,0,0,elderly,safe
0.268989,0.305452,0.196038,0,1,adult,safe
0.281311,0.190013,0.358651,0,0,child,safe
0.43304,1.513099,0.175062,0,0,adult,danger
0.298613,0.272055,0.382612,1,1,child,danger
0.069696,0.044115,0.20109,0,0,adult,safe
0.12455,0.350611,0.224285,0,0,child,safe
0.209406,0.069672,0.137663,0,1,child,safe
0.228405,0.234356,0.04221,0,0,elderly,safe
1.167481,0.1189,0.112284,0,0,adult,danger
0.210416,0.271029,0.478039,0,0,adult,safe
0.31049,0.751677,0.307497,0,0,adult,safe
0.183149,0.234717,0.159691,0,0,adult,safe
1.041575,0.307209,0.330964,0,0,elderly,danger
0.281218,0.068983,0.22611,0,0,elderly,safe
0.047409,0.194548,0.102941,0,0,adult,safe
0.210067,0.207501,0.345269,0,0,adult,safe
0.169657,0.079484,0.161836,0,0,elderly,safe
1.322832,0.056324,0.260298,0,0,child,safe
0.228129,0.279981,0.386407,0,0,child,safe
0.252512,0.278722,0.277285,0,1,elderly,safe
0.332801,0.954627,0.350851,0,0,child,warning
0.177313,0.206246,0.439967,0,0,adult,safe
0.84328,0.326312,0.145939,0,0,elderly,safe
0.241252,0.275358,0.249379,0,0,adult,safe
0.509916,0.146577,0.375203,1,0,child,danger
0.188372,0.322989,0.225092,0,1,child,safe
0.429396,0.182166,0.329887,0,1,adult,safe
0.722976,0.218249,0.441643,0,0,adult,danger
0.215947,0.114083,0.176694,0,0,adult,safe
0.350679,0.122601,0.364006,0,0,elderly,safe
0.235291,0.098106,0.036897,0,0,adult,safe
0.324784,0.284464,0.495401,1,0,elderly,danger
0.23182,0.216365,0.125765,0,1,child,safe
1.135628,0.131722,0.156004,0,0,adult,danger
0.187362,0.414372,0.216195,0,0,elderly,safe
0.316807,0.036808,1.035427,0,0,adult,danger
1.207263,0.316461,0.098047,0,0,adult,danger
0.374085,0.85508,0.317157,0,0,child,warning
1.123185,0.875386,0.060402,0,0,adult,danger
0.125336,0.219874,0.17991,0,0,adult,safe
0.071643,0.096617,0.227994,0,1,adult,safe
0.884329,0.145251,0.07503,0,0,adult,warning
0.238827,0.232787,0.103961,0,0,child,safe
0.178482,0.231059,0.168466,0,0,child,safe
0.09381,0.233148,0.065421,0,0,adult,safe
0.036146,0.050707,0.191433,0,1,adult,safe
0.202459,1.693624,0.365055,0,0,elderly,danger
1.57543,0.956617,0.208967,0,0,elderly,danger
1.125155,0.092693,0.238411,1,0,adult,danger
1.04292,0.18642,0.210771,0,0,adult,danger
0.068433,0.422656,0.204567,0,0,elderly,safe
0.131586,0.164859,0.201472,0,1,adult,safe
0.155118,0.471707,0.061911,0,0,adult,safe
0.225683,0.235318,0.298616,0,0,elderly,safe
1.073451,0.977748,0.17089,1,1,adult,danger
0.128132,0.107055,1.179056,0,1,elderly,danger
0.293807,0.288525,0.247042,0,0,child,danger
0.859359,0.075234,0.130379,0,0,adult,warning
0.089876,0.063576,0.205902,0,0,adult,safe
0.174979,0.093335,0.100655,0,0,child,safe
0.136705,0.047529,0.208117,0,0,elderly,safe
0.128113,0.9912,0.150338,0,0,adult,warning
0.145763,0.198179,0.082032,0,0,child,safe
0.250695,0.260193,0.089141,0,0,adult,safe
0.399413,0.958045,0.044103,0,0,adult,warning
0.182225,0.365347,0.12894,0,0,adult,safe
1.836214,0.139829,0.123951,0,0,adult,danger
0.143829,0.960378,0.175833,0,0,adult,warning
0.797893,0.206661,0.08376,0,0,elderly,safe
0.124288,0.336596,0.506781,0,0,elderly,safe
0.70573,0.952001,0.33237,0,0,adult,warning
0.267373,0.456432,0.168893,0,0,elderly,safe
0.206723,0.113882,0.276857,0,0,elderly,safe
0.141257,0.137117,0.110335,0,0,adult,safe
0.265268,0.963406,0.10325,0,0,adult,warning
0.180005,1.15013,0.246435,0,0,adult,danger
0.224312,0.185153,0.303956,0,1,elderly,danger
0.144938,0.210006,0.242095,0,0,adult,safe
0.988779,0.083055,0.404031,0,0,adult,warning
0.205115,0.876076,0.224438,0,0,elderly,warning
0.175979,1.026517,0.206061,0,0,adult,danger
0.063378,0.25773,0.282001,0,0,adult,safe
1.038653,0.923872,0.094584,0,0,adult,danger
0.14974,0.839717,0.161125,0,0,child,warning
1.090983,0.318783,0.259826,0,0,adult,danger
0.060853,0.219259,1.233389,0,0,adult,danger
0.268122,0.232821,0.1164,0,0,child,safe
0.135003,0.032614,0.096258,0,0,elderly,safe
0.347036,0.3481,0.126941,0,0,adult,safe
0.104512,1.495695,0.351054,0,1,adult,danger
0.046054,1.130363,0.235568,0,0,elderly,danger
0.27076,0.066662,0.243136,0,0,adult,safe
0.248512,0.204323,0.072027,0,1,adult,safe
0.424978,0.136564,1.161285,0,0,adult,danger
0.269478,1.545567,0.119608,0,0,adult,danger
0.028782,0.826164,0.419935,0,0,adult,warning
0.897752,1.017448,0.262205,0,0,adult,danger
0.449683,1.871496,0.069571,0,0,child,danger
0.255446,0.249203,0.268466,0,0,adult,safe
0.190007,0.852348,0.204463,0,0,elderly,warning
0.473959,0.155055,0.171439,0,1,elderly,safe
0.381269,0.979267,0.070409,0,0,child,warning
0.404882,0.193337,0.215118,0,0,adult,safe
0.365805,0.266477,0.222166,0,0,adult,safe
0.225109,0.127593,0.309034,0,0,elderly,safe
0.4564,0.888003,0.152781,0,0,adult,warning
0.328259,0.784354,0.301762,0,0,adult,safe
0.884328,0.98858,0.314036,0,0,elderly,warning
0.260317,0.166918,0.298509,0,0,adult,safe
0.048725,1.201436,1.442847,0,0,adult,danger
1.668446,0.053551,0.257643,0,1,adult,danger
0.153864,0.190384,0.402877,0,0,adult,safe
0.974789,0.120782,0.27401,0,1,adult,danger
1.219043,0.25924,0.281215,0,0,adult,danger
0.089355,0.112739,0.221366,1,0,adult,danger
0.130761,0.184308,0.282487,0,0,elderly,danger
0.196293,0.043529,0.480822,0,0,adult,safe
0.227097,0.257701,0.337012,0,1,adult,safe
0.302436,0.227707,0.069194,0,0,child,safe
0.046127,0.909653,0.159207,0,0,elderly,warning
1.191567,0.325783,0.081497,0,1,adult,warning
0.086511,0.10363,0.160015,0,0,child,safe
1.047787,0.229248,0.380017,0,0,adult,danger
0.06485,0.227668,0.211319,0,0,adult,safe
0.11291,0.157222,0.190491,0,1,child,safe
0.306452,0.08198,0.097019,0,0,adult,safe
0.864327,0.114494,0.37084,0,0,elderly,warning
0.072626,0.250553,0.275612,0,1,elderly,safe
1.027645,0.321317,0.428289,0,0,adult,danger
0.126288,0.143215,0.042868,0,0,child,safe
0.033363,0.078929,0.26595,0,0,adult,safe
0.194914,0.217145,0.304878,0,0,elderly,danger
0.162022,0.374569,0.426168,0,1,adult,safe
0.226862,0.069861,0.183474,0,0,child,safe
0.52489,0.118337,0.125591,0,0,child,safe
0.373948,0.318036,0.050189,0,0,adult,safe
0.190198,0.101664,0.533004,0,1,elderly,safe
0.19534,0.798122,0.093539,0,0,adult,safe
0.423181,0.270327,0.919916,0,0,adult,warning
1.204568,0.061569,0.324748,0,0,child,danger
0.379422,0.304912,0.184717,0,0,adult,safe
0.476815,0.082681,0.04989,0,0,elderly,safe
0.273199,0.196223,0.085469,0,0,adult,safe
0.140682,0.440156,0.069685,0,1,child,warning
0.280589,0.285923,0.135543,0,0,child,safe
0.229456,0.155128,0.330678,0,0,adult,safe
0.195471,0.185439,0.374713,0,0,adult,safe
0.222661,0.111727,0.100415,0,0,elderly,safe
0.307285,0.264795,0.189047,0,0,child,warning
1.528481,0.392177,0.407841,0,0,child,danger
0.174952,0.104245,0.469777,1,0,adult,warning
0.220422,0.118102,0.440302,0,0,adult,safe
0.863114,0.155109,0.159834,0,0,elderly,warning
0.110699,1.046388,0.154506,0,1,child,danger
1.015231,1.157456,0.076565,0,1,adult,danger
0.117143,0.202201,0.165458,0,0,child,safe
1.847508,0.110062,0.47827,0,0,adult,danger
0.267144,0.284698,0.268098,0,0,child,safe
1.764795,0.940942,0.207436,0,0,adult,danger
0.265906,0.145631,0.279944,0,0,child,safe
0.058531,0.110747,0.127023,0,0,elderly,safe
0.192654,0.187757,0.084491,0,0,child,safe
0.817432,0.079361,0.268545,0,0,adult,warning
0.33161,0.275041,0.165064,0,0,adult,safe
0.288746,0.08792,1.292066,0,1,elderly,danger
0.11067,0.983972,0.359449,0,0,adult,warning
0.104729,0.128713,0.058602,1,0,adult,danger
0.430222,0.350848,0.11655,0,0,elderly,safe
0.210364,0.166969,0.313098,0,0,elderly,safe
0.879737,0.160965,0.264532,0,1,child,danger
0.087489,0.8841,0.551758,0,0,adult,warning
0.122902,0.195201,0.789861,0,0,adult,safe
0.318365,0.198342,0.060959,0,1,elderly,safe
0.207676,1.697603,0.299155,0,0,elderly,danger
0.06083,0.266795,0.429604,0,1,child,safe
0.138843,0.85657,0.257476,0,0,adult,warning
0.18382,1.068277,0.137787,0,0,elderly,danger
0.170656,0.38223,0.225463,0,0,adult,safe
0.146271,0.274626,0.223016,0,1,adult,safe
0.128029,1.433526,0.223099,0,0,elderly,danger
0.900773,0.139456,0.182885,0,0,elderly,warning
0.149885,0.185174,0.223996,0,1,elderly,safe
0.147864,0.194249,0.217022,0,0,elderly,danger
0.1306,0.21217,0.378862,0,1,adult,safe
0.870593,0.124679,0.188147,0,1,elderly,danger
0.231388,0.266961,0.12892,0,0,adult,safe
0.273617,0.521134,0.169579,0,0,adult,safe
0.262383,0.135565,0.136944,0,0,child,safe
0.219651,0.190877,0.430001,0,0,elderly,safe
0.215134,0.156595,0.109737,1,0,elderly,danger
0.324955,0.312795,0.174735,0,0,adult,safe
0.162304,1.029111,0.301566,0,0,adult,danger
0.296642,0.952336,0.154404,0,0,adult,warning
0.091935,0.096358,0.300639,1,0,adult,danger
0.088473,0.215272,0.184864,0,0,elderly,safe
0.184654,0.399129,0.049393,0,1,child,safe
0.119148,0.237482,0.25086,0,0,adult,safe
0.127773,1.824917,0.127338,0,0,elderly,danger
1.951555,0.182696,0.162969,0,0,elderly,danger
0.118579,0.19352,0.070565,0,0,adult,safe
0.265043,0.147976,0.204708,0,0,elderly,safe
0.767772,0.294046,0.294222,1,0,elderly,danger
0.314162,0.13012,0.29241,0,0,child,safe
0.193202,0.059183,0.170278,0,1,child,safe
0.114022,0.189392,0.919014,0,0,adult,warning
0.086883,1.269627,0.135199,0,0,adult,danger
0.293994,0.415222,0.470797,0,1,elderly,safe
0.893554,0.265306,0.261021,0,0,elderly,warning
0.162929,1.642592,0.229687,0,0,child,danger
0.394864,0.385402,0.304776,0,1,child,safe
0.067015,0.104951,0.076103,0,0,child,danger
0.863544,0.373981,0.282499,0,0,child,warning
0.060699,0.157897,0.128254,0,0,elderly,safe
0.335486,0.452053,0.301564,0,0,adult,warning
0.217957,0.184208,0.206687,0,0,adult,safe
0.231437,0.086864,0.23461,0,1,adult,safe
1.104159,0.230465,1.173052,0,0,child,danger
0.303791,0.179436,0.35407,0,0,adult,safe
1.005276,0.134451,0.307885,0,1,adult,danger
1.549565,0.181203,0.155526,0,0,elderly,danger
1.141576,0.050941,0.170909,0,0,adult,danger
0.979221,1.073029,0.083497,0,0,adult,danger
1.008014,0.909433,0.206679,0,1,elderly,danger
0.273668,0.146282,0.282978,0,0,adult,safe
0.258034,0.216176,0.046516,1,0,child,danger
0.081836,1.538802,0.083574,0,0,child,danger
0.251847,0.299669,0.139539,0,1,elderly,safe
0.179066,0.386739,0.294532,0,1,adult,warning
0.128026,0.980893,0.236822,0,0,adult,warning
0.178744,0.871339,0.400276,0,1,adult,danger
0.432546,0.256464,0.137653,0,0,child,safe
0.202809,0.038785,0.148973,1,1,adult,safe
0.310848,0.163782,0.109089,0,0,adult,safe
0.211662,0.165357,0.182973,0,0,child,safe
0.194334,1.135195,0.090274,0,0,adult,danger
0.229602,0.064384,0.066617,0,0,elderly,safe
0.399659,1.218975,0.232052,0,0,adult,danger
0.146147,0.257379,0.047409,0,0,elderly,safe
0.203688,0.181809,0.121679,0,0,adult,safe
0.860013,0.132761,0.165986,1,0,child,danger
0.961501,0.134788,0.271372,0,0,elderly,safe
0.081104,0.234108,0.101551,0,0,adult,safe
0.243056,0.23443,0.092597,0,0,elderly,safe
0.195011,1.426737,0.160362,0,0,elderly,danger
0.366084,0.026456,0.160441,0,0,adult,safe
0.683348,0.158137,0.136564,0,0,adult,safe
1.056847,1.018348,0.381781,0,0,adult,danger
0.100474,0.160581,0.483737,0,0,adult,safe
0.917855,0.18161,0.153754,0,1,elderly,danger
0.1439,0.265081,0.211677,0,0,adult,safe
1.244146,0.210182,0.166166,0,0,adult,danger
0.317616,0.286668,0.249143,0,0,adult,safe
0.151673,0.081268,0.362683,0,0,child,safe
0.272744,0.255069,0.205514,0,0,elderly,safe
0.82745,0.084218,0.161103,0,0,elderly,warning
0.069894,0.869467,0.148729,0,1,adult,danger
0.27929,0.296268,0.170218,0,0,adult,safe
0.316192,0.955214,0.12991,0,0,adult,warning
0.176427,0.40795,0.215179,0,0,elderly,safe
0.240787,0.232804,0.223016,0,0,elderly,safe
0.144157,0.813958,0.525398,0,1,adult,safe
0.114065,1.30616,0.217193,0,0,adult,danger
0.065262,0.118323,0.250023,0,0,child,safe
0.141612,1.027746,0.093774,0,0,child,danger
0.024366,0.226813,0.233411,0,1,elderly,safe
0.321788,0.131762,0.255137,0,0,adult,safe
0.332345,0.146223,0.16275,0,0,elderly,safe
0.157154,0.060789,0.201234,0,0,adult,safe
1.003678,1.057395,0.37763,1,1,elderly,danger
0.139346,0.262061,0.297281,0,0,adult,safe
0.362369,0.234677,0.258468,0,0,child,safe
0.179645,0.086214,0.047922,0,0,child,danger
0.937431,0.070877,0.283141,0,0,adult,warning
0.057622,0.811789,0.179232,0,0,adult,warning
0.259154,0.195346,1.093789,0,0,elderly,danger
0.361462,0.862215,0.340594,0,0,child,warning
0.191477,0.342273,0.078379,0,0,elderly,safe
1.013584,0.171223,0.09581,0,1,child,danger
1.118373,0.071959,0.051137,0,0,adult,danger
0.282133,0.245063,0.496066,0,0,adult,safe
0.261553,0.232918,0.083552,0,0,adult,safe
0.543283,0.178332,0.27751,0,0,adult,safe
0.419838,0.777137,0.171663,0,0,adult,safe
0.156761,0.108411,0.209113,0,0,elderly,safe
0.130856,0.195828,0.226204,1,1,adult,danger
0.28027,0.784034,0.334898,0,0,adult,safe
0.365025,1.109128,0.211511,0,0,adult,warning
0.249514,0.151722,0.047614,0,1,elderly,safe
0.169194,0.244242,0.170912,1,1,adult,safe
0.212322,0.277641,0.17295,0,0,adult,safe
0.212716,0.369044,0.36353,0,0,child,safe
0.278065,0.086025,0.184786,0,1,adult,safe
0.839644,0.221789,0.341818,0,0,elderly,warning
0.221226,0.177208,0.422979,0,0,adult,safe
0.093838,0.075779,0.343832,0,0,child,safe
0.097833,1.031203,0.387495,1,1,elderly,danger
0.122966,0.053899,0.18042,0,0,elderly,safe
0.366736,0.434592,0.147548,0,0,child,safe
0.225096,0.06635,0.158477,0,1,elderly,safe
0.234217,0.168124,0.250028,0,0,child,safe
0.227935,0.258268,0.264468,0,0,child,safe
0.224622,0.346195,0.135574,0,0,child,safe
0.213518,0.264402,0.193559,0,1,elderly,safe
0.380709,0.088072,0.070179,0,0,elderly,safe
0.097167,0.292871,0.218152,0,0,adult,safe
0.313628,0.081389,0.123269,0,0,elderly,safe
0.901266,0.312343,0.053639,1,0,child,danger
0.154645,0.033107,0.110967,0,0,child,safe
0.093229,1.298573,0.258119,0,0,adult,danger
0.349942,1.268822,0.041959,0,0,adult,danger
0.270383,0.529663,0.144963,0,0,adult,safe
0.239219,0.278146,0.168057,0,0,adult,safe
0.099001,0.20905,0.365546,0,1,child,safe
1.001329,0.211401,0.095427,0,1,elderly,danger
0.342085,0.180051,0.104039,1,0,adult,danger
1.863458,0.237546,0.108087,0,0,adult,danger
0.887505,0.169406,0.255491,0,0,elderly,warning
1.132775,0.053751,0.119261,1,0,adult,danger
0.147499,0.796725,0.060821,0,0,adult,safe
0.881611,0.870308,0.340493,0,0,adult,warning
0.123772,0.152367,0.084721,0,0,elderly,safe
0.948806,0.397942,0.150148,0,0,adult,warning
0.046521,0.253349,0.1408,0,0,adult,safe
0.330246,0.348574,0.105503,0,0,adult,safe
1.069158,0.099555,0.333626,0,0,elderly,danger
0.10824,0.082269,0.297935,0,0,adult,danger
0.053632,0.182821,0.16304,0,0,elderly,safe
0.350074,0.053607,0.222987,0,0,adult,safe
0.44029,0.40496,0.144064,0,0,elderly,safe
0.111712,0.191805,0.110826,0,0,adult,safe
0.298303,0.296446,0.247084,0,0,adult,safe
0.189744,0.206229,0.233304,0,0,adult,safe
0.121493,0.133694,0.051438,0,1,elderly,safe
0.911221,0.078957,0.170195,0,1,adult,danger
0.116005,0.469291,0.10449,0,0,adult,safe
0.149714,0.157276,0.091147,0,0,adult,safe
0.200904,0.306593,0.220755,0,0,child,safe
0.065692,0.091778,0.3681,0,1,child,safe
0.149464,0.06716,0.042254,1,0,elderly,danger
0.192097,0.188099,0.237627,1,0,adult,danger
0.163091,0.098093,0.363452,0,0,elderly,safe
0.918174,1.02957,0.169057,0,1,adult,safe
0.358858,0.228259,1.001145,0,0,adult,danger
0.129204,0.112243,0.260234,1,0,elderly,danger
0.215091,0.123982,0.321974,0,0,elderly,safe
1.00061,0.81637,0.221435,0,0,child,danger
0.324636,0.106368,0.284939,0,0,child,safe
0.110518,0.20297,0.376114,0,0,adult,safe
0.270112,1.750889,0.206985,0,0,adult,danger
0.838656,0.964541,0.281766,0,0,adult,warning
0.118227,0.300829,0.443905,0,0,adult,safe
0.142219,0.142847,0.136665,0,1,adult,safe
0.326058,0.84992,0.086385,0,0,child,warning
0.153321,0.185036,0.236155,0,0,elderly,safe
0.140921,0.919322,0.121365,0,0,elderly,warning
0.28673,0.216178,0.190061,0,0,adult,safe
0.089779,1.018982,0.252926,0,1,child,danger
0.290122,0.189424,0.313871,0,0,child,safe
0.213693,0.123669,0.12805,0,0,adult,safe
0.883184,0.061648,0.818349,0,0,elderly,warning
1.126367,1.081614,0.238301,0,0,elderly,danger
0.144539,0.210297,0.205031,0,0,adult,safe
0.094814,0.242517,0.197769,0,0,elderly,safe
0.247629,0.323776,0.22323,0,0,child,safe
0.88564,0.472161,0.31733,0,1,adult,warning
0.229736,0.24724,0.161342,0,0,adult,safe
1.074159,0.481491,0.051561,0,0,elderly,danger
0.051841,0.070355,0.091947,0,0,adult,safe
0.226388,0.162197,0.161739,0,0,elderly,safe
0.182582,0.349313,0.267492,0,0,adult,safe
0.178564,0.153466,0.408686,0,0,adult,safe
0.148616,0.173363,0.477118,0,0,adult,safe
1.190853,0.096318,0.182177,0,0,adult,danger
0.074663,0.221309,0.215296,1,0,child,danger
0.153452,0.077099,0.16142,0,0,elderly,safe
0.047332,0.136716,0.212453,0,1,adult,danger
0.197601,0.177863,0.185807,0,1,child,safe
0.076743,0.925732,0.277043,0,0,child,warning
0.281989,0.057118,0.185626,0,0,elderly,safe
0.037201,0.196085,0.214867,0,0,elderly,safe
0.211458,0.807118,0.911629,0,0,adult,warning
0.220228,0.043681,0.21492,0,0,child,safe
0.158356,0.107008,0.307991,0,0,elderly,safe
0.800072,0.474032,0.152617,0,0,child,warning
0.087845,0.139255,0.195186,0,0,elderly,safe
0.334636,1.018347,0.119864,0,0,child,danger
0.280004,0.258411,0.0669,0,0,adult,safe
0.850669,0.079635,1.617575,1,0,adult,danger
0.167491,1.180299,0.159255,0,0,child,danger
0.196023,0.129806,0.102248,1,0,adult,danger
0.247191,0.044482,0.216295,0,0,adult,safe
0.847656,0.831019,0.066351,0,0,adult,warning
0.101787,0.163333,0.168726,0,0,adult,safe
0.196373,0.178354,0.298404,0,0,adult,safe
0.271861,0.159928,0.346199,0,0,adult,safe
0.047248,0.217528,0.075089,0,0,adult,safe
0.382931,0.379689,0.271106,0,0,child,safe
0.329954,0.281987,0.09806,0,0,child,safe
0.045264,0.31106,0.12833,0,0,adult,danger
0.854084,0.886734,0.171663,0,0,child,warning
0.255756,0.215823,0.378756,0,1,child,safe
1.614355,0.92408,0.390409,0,0,child,danger
0.156734,0.378322,0.321603,0,0,child,safe
0.265842,0.266988,0.051101,0,0,adult,safe
0.229182,0.368719,0.146462,0,0,adult,safe
0.410665,0.413083,0.174658,0,0,child,safe
0.241089,0.350963,0.122446,0,0,adult,safe
0.181119,1.244137,0.246626,0,0,elderly,danger
0.923181,0.199746,0.249157,0,1,adult,danger
0.194639,0.322196,0.0483,0,1,adult,safe
0.072256,0.965811,0.215946,0,0,child,warning
0.187844,0.175947,0.216984,0,0,adult,safe
0.257171,0.218327,0.149018,0,0,adult,safe
0.944094,0.174914,0.083357,0,0,adult,warning
0.142392,0.28861,0.20918,1,0,adult,danger
0.078929,0.162839,0.139984,0,1,adult,safe
0.054553,0.42999,0.030239,0,0,adult,safe
0.126661,0.196739,0.14334,0,0,adult,safe
0.438604,0.330164,0.318602,0,0,child,safe
0.16941,1.310247,0.410382,0,0,adult,danger
0.146401,0.241319,0.245561,0,0,child,safe
0.144904,0.226403,0.131282,1,0,adult,danger
0.113426,0.868893,0.205029,0,0,adult,warning
0.127919,0.073488,0.108401,1,0,elderly,danger
0.146353,1.298843,0.342789,0,0,adult,danger
0.853721,0.390036,0.281108,0,0,elderly,warning
0.172674,0.067182,0.245201,1,0,adult,warning
0.58895,0.157816,0.206546,0,0,elderly,safe
0.192723,1.068662,0.153199,1,0,adult,danger
0.278218,1.063262,0.43463,0,0,elderly,danger
0.06143,0.844556,0.212243,0,1,adult,danger
0.090304,0.108035,0.227168,0,0,adult,warning
0.187899,0.269477,0.22464,0,0,adult,safe
1.140318,0.936947,0.154972,1,0,adult,danger
0.092662,0.923699,0.083901,0,0,child,warning
0.24333,0.184378,0.065286,0,0,elderly,safe
0.280405,0.187379,0.170086,0,0,adult,safe
0.161619,0.237398,0.215314,0,0,elderly,safe
0.328829,0.902833,0.267495,0,0,adult,warning
0.339246,0.397824,0.039959,0,0,elderly,safe
0.181764,0.138019,0.421491,0,1,elderly,safe
0.366613,0.100149,0.246271,0,1,adult,safe
0.362044,0.165609,0.168342,0,0,child,safe
0.036496,0.311633,0.312371,0,0,child,warning
0.167905,0.23372,0.884859,0,0,adult,warning
0.232799,0.1265,0.189743,0,0,elderly,safe
0.246662,0.253086,0.157003,0,0,child,safe
0.187192,0.092377,0.041564,0,0,adult,safe
0.183713,0.089658,0.26845,0,0,adult,safe
0.423051,0.111155,0.121247,1,1,elderly,danger
0.692697,0.381497,0.292139,0,1,adult,danger
0.379999,0.341728,0.24846,0,0,elderly,safe
0.059371,0.343153,0.164533,0,0,adult,safe
1.059981,0.211876,0.124884,0,0,adult,danger
0.249282,0.731037,0.255902,0,0,child,safe
0.200577,0.499209,0.448032,0,0,elderly,safe
1.578908,0.16849,0.284407,0,0,elderly,danger
0.189425,0.978664,0.204428,0,0,elderly,warning
0.398453,0.263765,0.495927,0,0,child,safe
0.404749,0.049991,0.134886,0,0,elderly,safe
0.203495,0.422335,0.107553,0,0,adult,safe
0.102605,1.040313,1.411557,0,0,child,danger
0.100664,0.891186,0.353858,0,0,child,safe
0.052946,0.250835,0.400431,0,0,adult,safe
0.873113,0.180219,0.086382,0,0,child,warning
0.075851,0.240267,0.245765,0,1,child,safe
0.196817,0.339198,0.164749,1,0,child,danger
0.962463,0.361454,0.207791,0,0,adult,warning
1.132492,0.257854,0.073052,0,0,adult,danger
0.246317,0.284167,0.148081,0,0,child,safe
0.243507,0.228934,0.215758,0,1,elderly,safe
0.416912,1.150543,0.332503,0,0,adult,danger
0.265202,1.007663,0.121575,0,0,elderly,danger
0.17208,0.066172,0.337638,0,0,adult,safe
0.215959,0.41952,0.151265,0,0,adult,safe
0.190187,0.06903,0.219929,0,0,elderly,safe
0.138493,0.177463,0.097157,0,0,elderly,safe
0.167519,0.197062,0.294021,0,0,adult,safe
0.442284,0.321409,0.308019,0,0,adult,safe
0.136797,0.254628,1.405384,0,1,child,danger
0.374373,0.123501,0.12834,0,0,adult,safe
0.699278,0.182693,0.221878,0,0,child,safe
0.265362,0.143277,0.527102,0,0,elderly,warning
0.819606,0.135056,0.24092,0,1,elderly,danger
0.321734,0.493388,0.951385,0,0,adult,warning
0.133371,1.011511,0.184207,0,1,child,danger
0.204774,0.172143,0.18923,0,0,child,safe
0.388385,0.171891,0.27456,0,0,adult,safe
1.008604,0.126828,0.153034,0,0,child,danger
0.081804,0.05117,0.162098,0,0,elderly,safe
0.099983,0.371416,0.110183,0,0,adult,safe
1.783104,0.85699,0.377079,1,1,elderly,danger
0.175283,0.187366,0.13108,0,0,adult,safe
0.045455,0.235445,0.208785,0,0,elderly,safe
0.164766,0.25649,0.152355,0,1,elderly,safe
0.104665,0.223816,0.103097,0,0,elderly,safe
0.27821,1.427064,0.222915,0,1,elderly,danger
0.131685,0.138711,0.1939,0,1,adult,safe
1.806824,0.081541,0.169997,0,0,adult,danger
0.072176,1.286132,0.334302,0,0,adult,safe
0.207443,1.665257,0.271057,0,0,child,danger
0.337723,0.287301,0.254338,0,0,elderly,safe
0.251197,1.165777,0.309484,0,0,child,danger
0.338209,0.18339,0.053193,0,0,elderly,safe
0.329937,0.315393,0.189596,0,0,child,safe
0.207211,0.169995,0.088583,0,1,child,safe
0.070401,0.670302,1.151082,0,0,child,danger
1.245743,0.092946,0.125787,0,0,child,danger
0.233016,0.063689,0.102193,0,0,adult,safe
0.816046,0.06628,0.27002,0,0,adult,warning
0.233163,0.06617,0.220009,0,0,elderly,safe
0.256005,0.265786,0.247274,0,0,adult,safe
0.06896,1.228876,0.174632,0,0,elderly,danger
0.145052,0.141483,0.238616,0,0,adult,safe
0.04525,0.228342,0.327004,0,0,elderly,safe
0.163956,0.133905,0.088703,0,0,adult,safe
0.904986,0.154576,0.210389,0,0,adult,warning
0.23895,0.200252,0.151833,0,0,adult,safe
0.122777,0.145583,0.281295,0,0,adult,safe
0.325462,0.851624,0.411159,0,0,adult,warning
0.303436,0.986287,0.297964,0,0,adult,warning
0.154487,0.143555,0.306541,0,0,adult,safe
0.224338,0.260259,0.319327,0,0,adult,safe
0.211753,0.101393,0.33023,0,0,elderly,warning
0.102443,0.247203,0.204782,0,0,adult,safe
0.420135,0.061355,0.170996,0,1,adult,safe
0.989641,0.130758,0.050039,0,0,child,warning
0.289125,0.342499,0.112968,0,0,adult,safe
0.05909,0.189855,0.045551,0,0,child,safe
0.19326,0.208374,0.107524,0,0,child,safe
0.243079,0.205701,0.249238,0,1,adult,safe
0.286936,0.844867,0.088158,0,0,elderly,warning
1.184014,0.338968,0.080751,0,0,adult,danger
0.750184,0.150464,0.242269,0,0,elderly,safe
0.914366,0.096293,0.035977,0,0,adult,warning
0.194157,0.044805,0.132332,0,1,child,safe
0.160235,0.174244,0.059093,1,1,adult,danger
0.148462,0.170697,0.50562,0,0,adult,safe
0.370714,0.442671,0.249176,0,1,elderly,safe
0.277787,0.315658,0.070274,0,0,adult,safe
0.853031,0.261825,0.16596,0,0,adult,warning
0.111262,0.202773,0.072635,1,0,adult,danger
0.87172,1.003474,0.093228,0,0,adult,safe
0.148766,0.17793,0.147775,0,0,elderly,safe
1.058887,0.957431,0.213213,0,0,elderly,danger
0.094652,0.185325,0.1732,0,0,elderly,safe
0.182272,0.3596,0.225003,0,0,adult,safe
0.121078,0.220646,0.027258,0,0,child,safe
0.45407,0.171301,0.118906,0,0,adult,safe
0.890173,0.088438,0.155563,0,0,adult,warning
0.899317,0.362013,0.159201,0,0,elderly,warning
0.337196,0.877887,0.274339,0,0,adult,warning
0.103633,0.288162,0.275089,0,0,adult,warning
0.289478,0.052351,0.179902,0,0,child,safe
0.120632,0.267456,0.36413,0,0,adult,safe
0.164926,0.861125,0.26897,0,0,adult,warning
1.270832,0.388195,0.233394,0,0,child,danger
0.157968,0.102485,0.037016,0,1,adult,safe
0.035567,0.299592,0.253934,0,1,child,safe
0.31402,0.201926,0.328377,0,0,child,safe
0.21621,0.200028,0.209274,0,0,child,safe
0.262499,0.155483,0.242924,0,0,adult,safe
0.377248,0.939919,0.135532,0,0,adult,warning
1.498633,0.11754,0.103588,0,0,adult,danger
0.997482,1.103299,0.226923,0,0,child,danger
0.998038,0.316928,0.178776,0,0,adult,warning
0.136979,0.726195,0.224875,0,0,adult,safe
0.178118,0.98211,0.125688,0,0,adult,warning
0.16249,0.202426,0.26174,0,1,adult,safe
1.11789,0.276008,0.179999,0,0,adult,danger
0.187278,0.15289,0.176748,0,0,child,safe
0.181568,0.156907,0.459506,0,0,elderly,safe
0.794162,0.163054,0.254639,0,0,adult,warning
0.181956,0.140593,0.066201,0,0,elderly,safe
0.348906,0.073563,0.157552,0,0,adult,safe
0.104795,0.134463,0.066023,1,1,adult,danger
0.250201,0.122154,0.176244,0,0,elderly,safe
0.224581,0.304342,0.172196,0,0,elderly,safe
0.310136,0.191901,0.279983,0,1,adult,safe
0.234571,0.242112,0.42686,0,0,child,safe
0.385166,0.889119,0.23247,0,0,adult,warning
0.366918,0.168902,0.16363,0,1,adult,safe
0.25005,0.19168,0.183862,0,0,adult,safe
0.313993,0.12316,0.269198,0,0,adult,safe
1.213745,0.181271,0.063544,0,0,adult,danger
0.029491,0.187797,0.036458,0,0,adult,safe
0.111652,1.008441,0.287674,0,0,adult,danger
0.391295,1.154648,0.131868,0,0,adult,danger
0.06605,0.460783,0.208996,0,0,adult,safe
1.193502,0.33549,0.394012,0,1,adult,danger
0.287387,0.285468,0.210771,0,0,elderly,safe
0.753824,0.901755,0.442995,0,1,adult,danger
0.324929,0.144516,0.086717,0,1,child,safe
0.494868,0.282536,0.189332,0,0,child,safe
0.864353,0.839398,0.173021,0,1,adult,danger
0.265596,0.28212,0.439123,0,0,child,safe
0.108512,0.217744,0.153739,0,0,adult,safe
0.136011,0.134951,0.038177,0,0,child,safe
0.152792,0.173687,0.040441,0,0,adult,safe
0.246657,0.096822,0.172668,0,0,elderly,safe
0.078524,0.727575,0.256242,0,0,child,safe
0.081732,0.24892,0.037393,0,0,child,safe
0.317416,0.113787,0.371808,0,0,adult,safe
0.067891,0.249351,0.192526,0,0,child,safe
0.130356,1.758454,0.360593,0,0,elderly,danger
0.129285,0.238237,0.240229,0,0,adult,safe
0.169958,0.879532,0.316377,0,0,adult,warning
0.179905,0.345724,0.281969,0,0,adult,safe
0.89401,0.246834,0.151914,0,0,adult,warning
1.031223,0.130469,0.20186,0,0,elderly,danger
0.328169,0.996873,0.231554,0,1,child,danger
0.222237,1.166021,0.096285,0,0,child,danger
0.201524,0.133728,0.380972,0,0,adult,safe
0.293146,0.115991,0.176837,0,0,adult,safe
0.088539,1.00081,0.361448,0,0,child,danger
0.202775,0.164415,0.143376,0,0,adult,safe
0.053159,0.355226,0.053758,0,0,adult,safe
0.308705,0.7493,0.263227,0,0,adult,safe
0.177649,1.393433,0.184046,0,0,adult,danger
0.23024,0.226673,0.158898,0,0,elderly,safe
0.166399,0.102004,0.303943,0,1,elderly,safe
0.112133,1.044578,0.180142,0,0,elderly,danger
0.184156,0.078408,0.303779,0,0,elderly,safe
0.33378,0.265064,0.320328,0,0,adult,safe
0.759962,0.109483,0.269343,0,0,adult,safe
0.029246,0.939601,0.793255,0,0,child,warning
0.855349,0.33901,0.293357,0,1,adult,danger
1.009551,0.081965,0.248468,0,0,child,danger
0.188706,0.208112,0.150263,0,0,child,safe
0.996124,0.124551,0.141561,1,1,child,danger
0.281158,0.226249,0.352094,0,0,adult,safe
0.131503,0.874879,0.118929,0,0,child,warning
0.291607,0.936067,0.360908,0,0,adult,warning
0.202683,0.263049,0.165436,0,0,adult,safe
0.187028,0.268902,0.145327,0,0,elderly,safe
0.133419,0.100566,0.032878,0,0,child,safe
1.516807,0.059788,0.251441,0,1,elderly,danger
0.240381,0.114709,0.069702,0,1,adult,safe
0.807596,0.476859,0.54509,0,0,adult,warning
0.175566,0.154076,0.187114,0,0,adult,safe
0.209454,0.073493,0.252395,0,1,adult,safe
0.400423,0.378918,0.244948,0,0,child,safe
0.165706,0.261711,0.156278,0,0,elderly,safe
0.175102,0.092716,0.174754,0,0,elderly,safe
0.156766,0.177385,0.297598,0,1,child,safe
0.119853,0.385551,0.508074,0,1,child,safe
0.242973,0.077578,0.065056,0,0,child,safe
1.112063,0.055529,0.294381,0,0,elderly,danger
0.232641,0.217796,0.11385,0,1,adult,safe
0.048167,1.140849,0.96334,0,0,child,danger
0.300154,1.508691,0.089668,0,0,adult,danger
0.122826,1.180024,0.167566,0,0,elderly,danger
0.246932,0.217974,0.329284,0,1,child,safe
0.344369,0.238631,0.045827,0,1,adult,safe
0.128651,0.400662,0.100752,0,0,adult,safe
1.026706,0.134347,0.145997,0,0,adult,danger
1.120167,0.101127,0.334589,0,0,elderly,danger
0.418492,0.96873,0.144307,0,0,child,warning
0.069071,0.922823,0.333457,0,0,adult,warning
0.156219,1.218192,0.269823,0,0,adult,danger
0.913734,0.234061,0.071152,0,1,adult,danger
0.78188,0.348298,0.141989,0,0,child,safe
1.123072,0.110893,0.225231,0,0,adult,danger
0.79558,1.171366,0.205942,0,0,elderly,danger
0.846967,0.092996,0.177868,0,0,child,warning
0.182833,0.16515,0.359475,0,1,adult,safe
0.286113,0.104479,0.263097,0,0,adult,safe
0.171703,0.9773,0.364627,0,1,adult,danger
0.926654,0.453708,0.079145,0,0,elderly,warning
0.304333,0.091356,0.201105,0,0,adult,safe
0.38718,0.055507,0.146122,0,0,adult,safe
0.086712,0.180873,0.212663,0,0,adult,safe
0.150593,0.359401,0.068595,0,0,elderly,safe
0.110423,0.13627,0.161924,0,0,adult,safe
0.256543,0.089068,0.225503,0,0,child,safe
0.213214,1.082788,0.239504,0,0,adult,danger
0.301235,1.034351,0.184516,0,0,child,danger
0.439644,0.185971,0.204642,0,0,adult,safe
0.207379,0.395097,0.16437,0,0,adult,safe
0.106906,0.393474,0.187743,0,0,adult,safe
0.111322,1.187202,0.177319,0,0,elderly,danger
0.195446,0.102651,0.278659,0,0,adult,safe
0.222644,0.25167,0.387786,0,0,adult,warning
0.338623,0.329371,0.287986,0,1,adult,safe
0.335134,0.074156,0.279235,0,0,adult,safe
1.108329,0.238087,0.234811,0,0,child,danger
1.034429,0.065457,0.240779,0,0,adult,danger
0.214848,1.528656,0.15897,0,0,elderly,danger
0.371495,0.384117,0.025315,0,0,adult,safe
0.199547,0.221663,0.347141,0,0,adult,safe
0.995503,0.351588,0.221844,0,1,adult,danger
0.123411,0.119199,0.371116,0,1,child,safe
0.90475,0.120378,0.161361,0,0,adult,warning
0.341249,0.272284,0.090816,0,0,adult,safe
0.145136,0.346196,0.0956,0,0,child,safe
0.17127,0.153511,0.465831,0,0,adult,safe
0.176083,0.207238,0.083257,1,0,child,danger
0.244944,0.171437,0.285567,0,0,adult,safe
0.129379,0.238203,0.223343,0,0,adult,safe
0.086014,0.139493,0.169172,0,0,adult,safe
0.305294,0.243887,0.234929,0,0,adult,safe
0.756486,0.053719,0.139716,0,0,elderly,safe
0.175916,0.342632,0.304764,0,1,adult,safe
0.222069,0.383309,0.189791,0,0,elderly,safe
0.040435,0.089186,0.155302,0,0,adult,safe
0.088431,0.126625,0.279079,0,1,adult,safe
0.18649,0.114064,0.058751,0,0,child,safe
0.220811,0.093373,0.325843,0,0,elderly,safe
0.249852,0.193973,0.224508,0,0,elderly,safe
0.041544,0.246224,0.356695,0,1,elderly,safe
0.038562,0.901251,0.074389,0,0,adult,warning
0.075912,0.315829,0.263036,0,0,adult,safe
0.882308,0.261875,0.267916,0,1,child,danger
0.183229,0.129909,0.434466,0,1,adult,safe
0.190956,0.034341,0.279352,0,0,adult,safe
0.183291,0.248918,0.124961,0,0,elderly,safe
0.111081,0.371526,0.356858,0,0,elderly,warning
0.350264,0.292078,0.160481,0,0,adult,safe
0.250853,0.189259,0.095557,0,0,elderly,safe
0.169325,0.251583,0.151325,0,0,child,safe
0.066734,0.333905,0.142834,0,0,adult,safe
0.788898,0.051291,0.137252,0,0,adult,safe
0.211366,0.261265,0.21294,0,0,adult,safe
0.250203,0.257073,0.086298,0,0,child,safe
0.46685,0.162626,1.131667,0,0,child,danger
0.90849,0.207534,1.01806,0,0,adult,safe
0.867422,0.0722,0.145567,0,0,adult,warning
0.402716,0.079637,0.347526,0,0,adult,safe
0.176039,0.102148,0.250401,0,1,adult,safe
0.104788,0.208617,0.898754,0,0,elderly,safe
0.208637,0.077415,0.33278,1,0,elderly,danger
1.239709,0.350849,0.321142,0,1,adult,danger
0.134931,0.230257,0.079033,0,0,adult,safe
0.92553,0.089076,0.141431,0,0,adult,warning
0.157272,0.234463,0.228095,0,0,adult,safe
0.152209,0.216013,0.128026,0,0,adult,safe
0.395486,0.152239,0.315812,0,0,adult,safe
0.301261,0.321079,0.245167,0,1,elderly,safe
1.055015,0.423342,0.205999,0,1,child,danger
0.077243,0.336804,0.264881,0,1,adult,safe
0.364152,0.912646,0.135027,0,0,adult,warning
0.083037,1.045817,0.171608,0,0,elderly,danger
0.113023,0.152476,0.274849,0,0,adult,safe
0.038909,0.210292,0.433512,0,0,child,safe
0.229543,1.182747,0.253608,0,0,elderly,danger
0.2042,0.727431,0.355253,0,0,adult,safe
1.120869,0.062843,0.276932,0,0,adult,danger
0.450365,0.102969,0.15998,0,0,adult,warning
0.213659,0.056949,0.140616,0,1,child,safe
0.212417,0.112483,0.132315,0,0,child,safe
0.190784,0.081916,0.102162,1,0,adult,danger
0.070487,0.36189,0.191094,0,1,elderly,safe
0.108235,0.325559,0.246357,0,1,elderly,safe
0.06697,0.109298,0.22457,0,0,child,safe
0.331242,0.184949,0.093007,0,0,elderly,safe
0.139339,0.705526,0.21588,0,0,child,safe
0.112322,0.087376,0.093755,0,1,child,safe
0.106019,0.993082,0.209529,0,0,adult,danger
1.496859,0.388305,0.35847,0,0,adult,safe
0.05904,1.018313,0.113228,0,0,child,danger
1.206184,0.138451,0.138033,0,0,adult,danger
0.481595,0.10824,0.213037,1,0,adult,danger
0.795291,0.091197,0.106866,0,0,elderly,safe
0.195993,0.959311,0.099373,0,0,elderly,warning
0.15253,0.237033,0.164848,0,0,elderly,safe
0.282864,0.251228,0.193963,0,0,adult,safe
0.114476,0.356696,0.307389,0,0,elderly,safe
0.108916,1.11296,0.040415,0,0,elderly,danger
0.88996,0.297155,0.056999,0,0,elderly,warning
0.099778,0.958706,0.187164,0,1,adult,danger
0.307151,0.351247,0.173336,0,0,child,safe
0.142344,0.339754,0.183305,1,0,adult,danger
0.149706,0.213349,0.087976,0,1,elderly,safe
0.229014,0.82279,0.052868,0,0,elderly,warning
0.267952,0.973885,0.132374,0,0,adult,warning
0.156654,0.394553,0.354857,0,0,adult,safe
0.975496,0.145371,0.16134,0,0,elderly,warning
0.268336,0.844229,0.359218,0,0,adult,warning
0.157234,0.138713,0.15269,0,1,adult,safe
0.072402,0.176787,0.164139,0,0,adult,safe
1.096451,1.202711,0.093282,0,1,adult,danger
0.128513,0.223251,0.340637,0,1,adult,safe
0.100861,0.416353,0.071849,0,0,adult,safe
0.210009,0.065893,0.369916,0,0,adult,safe
0.15848,0.453067,0.322391,0,0,elderly,safe
1.159002,0.32011,0.315036,0,0,adult,danger
0.223254,0.165027,0.24005,0,0,adult,safe
0.264572,0.382982,0.125678,0,0,child,safe
0.73612,0.144364,0.14273,0,0,child,safe
0.068006,0.363361,0.080238,0,0,elderly,safe
0.260364,0.214953,0.158279,0,0,child,safe
0.099566,0.066854,0.249442,0,0,adult,safe
0.271939,0.372098,0.055054,0,0,child,safe
1.713334,0.16844,0.126934,0,0,child,danger
0.179581,0.47938,0.216835,0,0,adult,warning
0.44754,0.22279,0.376722,0,1,adult,safe
0.217729,0.886093,0.063181,0,0,adult,warning
0.374989,0.312962,0.289261,0,0,child,safe
0.262079,0.285315,0.157338,0,0,adult,safe
0.19947,0.910921,0.191504,0,1,adult,danger
0.378336,0.386434,0.322331,0,0,child,warning
0.220174,0.386188,0.277608,0,0,adult,safe
0.236201,0.11055,0.074223,0,0,child,safe
0.376169,0.336498,0.457763,0,0,adult,safe
0.916507,0.056617,0.272582,0,0,child,warning
1.048956,0.246905,0.306384,0,0,elderly,danger
1.088754,0.046377,0.043301,0,1,adult,danger
0.145755,0.17261,0.16197,0,0,child,safe
0.091821,0.231266,0.178661,0,1,elderly,safe
0.144719,0.14978,0.103813,0,0,child,safe
0.230679,0.145013,0.164622,0,1,adult,safe
0.924667,0.206026,0.400553,0,1,elderly,danger
0.143842,0.299179,0.074777,0,0,adult,safe
1.050417,0.306401,0.34198,0,0,adult,danger
0.14871,0.239436,0.317432,0,0,child,safe
0.348585,0.281281,0.101177,0,0,adult,safe
0.220371,0.316648,0.036081,0,0,elderly,safe
0.230917,0.35229,0.231333,0,0,child,safe
0.352343,0.964541,0.310437,0,0,adult,warning
0.167655,0.050148,0.164336,0,1,elderly,safe
0.972397,0.147336,0.251704,0,0,child,warning
0.268677,0.35927,0.269988,0,0,adult,safe
0.314341,0.26206,0.24303,0,0,child,warning
0.244004,0.17448,0.071677,0,0,adult,safe
0.190628,0.052097,0.441448,0,1,adult,safe
0.061344,0.99879,0.322678,0,0,adult,warning
0.278662,0.089187,0.187101,0,0,child,safe
0.832575,0.132539,0.119869,0,0,adult,warning
0.096152,0.181626,0.181306,0,0,child,safe
0.251659,1.014256,0.157684,0,0,elderly,danger
0.138931,0.09117,0.429009,0,1,adult,safe
0.127734,1.063738,1.099196,0,0,elderly,danger
0.858999,0.948072,0.068492,0,0,adult,warning
0.399871,0.295885,0.188163,1,1,adult,danger
0.693243,0.90958,0.07996,0,0,adult,warning
0.163607,0.109988,0.233327,0,0,adult,safe
0.218919,0.143356,0.281485,0,0,elderly,safe
0.114626,0.285939,0.142769,0,0,adult,safe
1.166973,1.175284,0.368165,0,0,elderly,danger
0.115095,0.309334,1.13097,0,1,adult,danger
0.298334,0.091127,0.076402,0,1,child,safe
0.858005,0.284137,0.279396,0,0,elderly,warning
0.060394,0.139316,0.124298,1,0,elderly,danger
0.177048,0.110076,0.159388,0,0,adult,safe
0.152207,0.314892,0.131528,0,0,adult,safe
1.093573,1.060174,0.240666,0,0,child,danger
0.885941,0.155141,0.161969,0,1,adult,danger
0.347376,0.13668,1.913754,0,1,child,danger
0.131832,0.157937,0.322467,1,0,child,danger
0.724696,0.194887,0.155614,0,0,adult,safe
0.200068,0.406979,0.174268,0,0,adult,safe
0.187046,0.826741,0.208712,0,0,elderly,warning
0.06294,0.105628,0.108494,0,0,elderly,safe
0.811937,0.076134,0.378426,0,0,adult,warning
0.870895,0.895874,0.074119,0,0,adult,warning
0.149413,0.196632,0.206069,0,1,elderly,safe
0.172585,0.218654,0.316561,0,1,elderly,safe
0.270982,0.073321,0.367947,0,0,adult,safe
0.10745,0.925993,0.355787,1,0,child,danger
1.016594,0.161365,0.146333,0,1,adult,danger
0.335429,0.842573,0.141956,0,0,adult,warning
0.155631,0.512067,0.254141,0,1,adult,danger
0.090576,0.31443,0.206201,0,0,child,safe
0.187891,0.234728,0.334945,0,0,child,safe
0.214029,0.348405,0.147248,0,0,adult,safe
0.099966,0.242804,0.232422,0,0,adult,safe
0.305559,0.121325,0.260736,0,1,adult,safe
0.178259,0.12766,0.239202,0,1,child,safe
0.365517,0.213084,0.282938,0,0,adult,safe
0.219376,0.184284,0.439843,1,0,child,danger
0.155276,0.251545,0.142874,0,1,child,safe
0.435704,0.101072,0.102152,0,0,elderly,safe
0.373893,0.108258,0.332642,0,0,child,safe
1.817984,0.11761,0.25371,0,0,adult,danger
0.263311,0.288858,0.080027,0,0,elderly,safe
0.512725,0.05647,0.118214,0,1,elderly,danger
0.164447,1.015937,0.11307,1,1,adult,danger
0.292624,0.214825,0.240631,0,0,adult,safe
0.131873,1.711821,0.330779,0,0,child,danger
0.161824,1.113898,0.230888,0,0,adult,danger
0.756702,0.118714,0.078984,0,0,adult,safe
0.034818,0.403809,0.135076,0,0,child,safe
0.148861,0.158005,0.094895,0,0,adult,safe
0.337149,0.927988,0.162652,0,0,adult,warning
0.199211,1.690384,0.115367,0,0,elderly,danger
0.246254,0.198222,0.332465,0,0,adult,safe
0.281857,0.998722,0.177494,0,0,elderly,warning
0.222504,0.319558,0.275356,0,0,child,safe
0.181467,1.001763,0.252406,0,0,adult,danger
0.247246,0.855199,0.287602,0,0,adult,warning
0.184521,0.158063,0.095915,0,0,adult,safe
0.145565,0.895111,0.400128,0,1,adult,danger
0.68086,0.072324,0.046894,1,0,elderly,danger
0.145567,0.150131,0.077656,0,0,child,safe
0.231327,0.117797,0.153331,0,1,child,safe
0.219929,0.201202,0.22238,0,1,child,safe
0.249029,0.304453,0.140576,0,0,child,safe
0.230782,0.122015,0.138379,0,1,elderly,safe
0.201361,0.3461,0.28199,1,0,adult,danger
0.05302,0.171457,0.123601,0,0,child,safe
0.144109,0.154085,0.279018,0,0,elderly,safe
0.044146,0.221176,0.295596,0,0,adult,safe
0.138503,0.411787,0.230286,0,0,child,safe
0.136457,0.104157,0.233391,0,0,elderly,safe
0.155687,0.067417,0.136604,0,1,elderly,safe
0.265741,0.095755,0.077362,0,0,child,safe
1.241373,0.046681,0.178234,0,0,elderly,danger
0.348589,0.107809,0.225317,0,1,child,safe
0.201962,0.891644,0.25678,0,0,adult,danger
0.826072,0.233408,0.817655,0,0,adult,warning
0.311156,0.212312,0.240146,0,1,child,safe
1.237247,0.857082,0.404265,0,0,child,danger
0.190641,0.046167,0.362103,0,1,elderly,safe
0.241385,0.203975,0.328565,0,0,child,safe
0.143376,0.128686,0.243619,0,1,adult,safe
0.890488,1.041497,0.24715,0,0,elderly,danger
0.157409,0.429077,0.246157,0,0,adult,safe
0.152762,0.225691,0.836645,0,0,child,warning
1.204503,0.26612,0.329957,0,1,elderly,danger
0.186548,0.956252,0.060999,0,0,adult,warning
0.150443,0.157321,0.435615,0,0,child,warning
0.224353,0.270557,0.039988,0,1,adult,safe
1.628979,0.217523,0.065427,0,0,elderly,danger
0.241876,1.455211,0.252937,0,1,adult,danger
0.282847,0.330107,0.039912,0,1,adult,safe
0.083275,0.189978,0.233996,0,0,elderly,safe
0.10623,0.212031,0.114955,0,0,adult,safe
0.180014,0.131819,0.188494,0,0,adult,safe
0.401662,0.855293,0.171308,0,0,child,warning
0.078721,0.976495,0.304964,0,0,adult,warning
0.787981,1.156936,0.234298,0,0,adult,danger
0.314554,0.274728,0.263669,0,0,adult,safe
0.188254,1.111615,0.262869,0,1,adult,danger
0.081922,0.336725,0.203951,0,0,child,safe
0.408712,0.048828,0.201637,0,0,child,safe
0.31665,0.17118,1.457945,0,1,child,danger
0.449221,0.324301,0.109647,0,0,adult,safe
0.552621,0.168212,0.32963,0,0,child,safe
0.475608,0.054519,0.391354,0,1,adult,safe
0.93811,0.066708,0.082082,0,0,child,warning
0.81268,0.371288,0.210638,0,0,adult,warning
0.108002,0.060951,0.357442,0,0,adult,danger
0.334808,0.945206,1.427642,0,0,child,danger
1.002673,0.158999,0.309019,0,0,elderly,danger
0.375473,0.044701,0.242802,0,0,adult,safe
0.108323,0.249551,0.221935,0,0,adult,warning
0.328935,0.157075,0.227628,0,0,child,safe
0.356607,0.10744,0.223122,0,0,elderly,safe
0.169486,0.033782,0.192602,0,0,adult,safe
0.195892,0.165779,0.152562,0,0,elderly,safe
1.82893,0.177756,0.373285,0,1,adult,danger
0.187188,0.124635,1.413958,0,0,adult,danger
1.047242,0.875342,0.344872,0,1,elderly,danger
0.149382,0.191927,0.095483,0,0,child,safe
0.204476,0.106575,0.199326,0,1,elderly,safe
0.229523,0.137386,0.194733,0,1,elderly,safe
0.899191,0.095447,0.168532,0,0,adult,warning
1.023212,0.050973,0.310938,0,0,elderly,danger
0.120372,0.359135,0.260619,0,0,child,safe
0.056701,0.399922,0.097265,0,0,adult,safe
0.116505,0.217151,0.338662,0,0,adult,safe
0.30891,0.265134,0.432267,0,0,adult,safe
0.100739,0.399596,0.177489,0,0,child,safe
0.494662,0.118812,0.185512,0,0,adult,safe
0.261155,0.769797,0.146525,0,0,adult,safe
0.113924,0.291055,0.155009,0,0,child,safe
0.932579,0.188201,0.279291,0,0,elderly,warning
1.124894,0.162171,0.219828,0,0,child,danger
0.196536,0.283276,0.291932,0,0,adult,safe
0.199819,0.432744,0.154456,0,0,child,safe
1.634026,0.281864,0.353141,0,0,adult,danger
0.285866,0.07081,0.221853,0,1,child,safe
0.913023,0.127337,0.156698,1,1,elderly,danger
0.181407,0.385106,0.307999,0,0,elderly,safe
0.156759,0.195856,0.267547,0,0,child,safe
0.068485,0.100902,0.210672,0,0,elderly,safe
0.779048,0.143901,0.142028,0,0,elderly,safe
0.180613,0.25842,0.212966,0,1,adult,danger
0.203062,0.24607,0.334421,0,0,child,safe
0.364873,0.369776,0.273027,0,1,adult,safe
0.195951,1.010997,0.216415,0,1,adult,danger
0.369196,0.299574,0.206148,0,1,adult,safe
0.143698,0.909054,0.248087,0,0,child,warning
1.767174,0.1722,0.261854,0,0,elderly,danger
0.770245,1.011235,0.232036,1,0,adult,danger
0.155111,0.353478,0.361079,0,0,child,safe
0.301455,0.858732,0.282943,0,0,child,warning
0.059211,0.217437,0.0917,1,0,adult,danger
0.954658,0.147958,0.238382,0,0,elderly,warning
0.321714,0.801116,0.27449,0,1,adult,danger
0.254616,0.114353,0.172307,0,0,child,safe
0.334638,0.316089,0.211771,0,0,adult,safe
1.008349,0.253615,0.166027,0,0,adult,danger
0.364462,0.391417,0.089218,0,1,adult,safe
0.224665,0.492957,0.190393,0,0,elderly,safe
0.272645,0.19421,0.229539,0,0,elderly,safe
0.269912,0.066232,0.395814,0,0,child,safe
0.854979,0.225087,0.163509,0,0,child,warning
0.22413,0.429951,0.158381,0,0,elderly,safe
0.153786,1.204077,0.035391,0,0,elderly,danger
0.135217,0.050384,0.106292,0,0,adult,safe
0.113744,0.214209,1.317066,0,0,child,danger
0.086464,0.236517,0.366195,0,0,adult,safe
0.300869,1.971712,0.149378,0,0,elderly,danger
1.565609,0.182283,0.072132,0,0,elderly,danger
0.244565,0.846092,0.037442,0,0,child,warning
0.320549,0.726623,0.31435,0,0,adult,safe
1.127927,0.091861,0.139615,0,0,adult,warning
0.071261,0.791376,0.189656,0,1,adult,danger
0.239806,0.079509,0.179699,0,0,adult,safe
0.114192,0.19991,0.160488,0,0,adult,safe
1.052458,1.164917,0.40255,0,0,elderly,danger
0.15974,0.364536,0.188553,0,0,elderly,safe
0.117236,0.862585,0.222589,0,0,child,warning
0.080053,0.230001,0.186318,0,0,elderly,safe
0.195246,0.233835,0.283745,0,0,adult,safe
0.305096,0.389867,0.055639,0,0,adult,safe
0.343692,0.214419,0.146509,0,0,child,safe
0.283003,0.299249,0.154359,0,0,child,safe
0.121058,0.866788,0.06772,1,0,adult,warning
0.364824,0.871321,0.202858,0,0,adult,warning
0.268107,0.227222,0.052761,0,0,elderly,safe
0.350428,0.148875,0.083259,0,0,elderly,safe
0.188385,0.335085,0.485983,0,0,adult,safe
0.126078,0.197166,0.31574,0,0,adult,safe
0.183075,0.711116,0.257002,0,0,adult,safe
0.096425,0.974293,0.088447,0,0,child,warning
0.090574,0.177579,0.134959,0,0,adult,safe
0.382225,0.38335,0.089869,0,0,child,safe
0.174015,0.193928,0.234013,0,0,child,safe
0.339324,0.134904,1.712414,0,0,elderly,danger
0.312902,0.773554,0.241508,0,0,adult,safe
0.076042,0.75541,0.25803,0,0,child,safe
0.732366,0.324354,0.223035,0,0,adult,safe
0.775952,0.882534,0.246726,0,0,adult,warning
0.174619,0.279565,0.232379,0,0,child,safe
0.098642,0.068542,0.292892,0,0,elderly,safe
0.17895,0.142489,0.178896,0,0,adult,safe
0.099419,0.391523,0.367264,0,1,adult,safe
0.049052,0.161359,0.314785,0,0,adult,safe
0.910408,0.177994,0.067624,1,0,child,danger
0.077718,0.189262,0.291276,0,0,elderly,safe
0.197506,0.880809,0.282613,0,0,adult,warning
0.210985,0.297004,0.189616,0,0,adult,safe
0.295933,0.212478,0.248275,0,0,child,safe
0.331616,0.253128,0.103711,0,1,adult,safe
0.307852,0.122956,0.455171,0,0,adult,safe
0.225826,0.104427,0.127858,0,0,adult,safe
0.148275,0.189639,0.063194,1,0,adult,danger
0.25125,0.120445,0.151637,0,0,adult,safe
0.211322,0.124532,0.393838,0,0,adult,safe
0.389129,0.09423,0.271967,0,0,elderly,safe
0.048313,0.388587,0.166531,0,0,child,safe
0.096674,0.041891,0.226325,0,0,child,safe
0.350247,0.228875,0.190693,0,0,adult,safe
0.105393,1.049973,0.284977,0,0,child,danger
0.090072,0.200757,0.317831,0,1,adult,safe
0.081784,0.249361,0.081167,0,0,child,safe
0.143149,0.17357,0.130218,0,0,adult,safe
0.278853,0.081002,0.020582,0,0,adult,safe
0.140206,1.391658,0.080049,0,0,child,danger
0.211588,0.062877,0.038868,0,0,child,safe
0.180977,0.205491,0.291276,0,0,elderly,safe
0.380455,0.17781,0.135933,0,0,elderly,safe
0.071277,0.287806,0.245955,0,0,adult,safe
1.2885,0.391168,0.099693,0,0,child,danger
0.138663,0.255376,0.231971,0,0,adult,safe
0.078626,0.175272,0.324565,0,0,adult,safe
0.185423,0.160696,1.525842,0,0,elderly,danger
1.043768,0.064997,0.207748,0,0,adult,safe
0.183883,0.901438,0.052489,0,0,adult,warning
0.142547,0.240513,0.174838,0,0,adult,safe
0.130354,0.978129,0.157757,0,1,adult,danger
0.254226,1.108179,0.171311,0,0,adult,danger
0.076317,0.766596,0.141918,0,0,elderly,safe
0.198373,0.067049,0.142608,0,0,elderly,safe
0.186356,0.079549,0.166378,0,0,adult,safe
0.239476,0.191344,0.172199,1,0,elderly,danger
0.085708,0.184839,0.155981,0,0,adult,safe
1.020181,0.073564,0.876948,0,0,child,danger
0.874014,0.129734,0.226594,0,0,adult,warning
0.121589,0.13666,0.216397,0,1,adult,safe
0.514594,0.247932,0.203397,0,0,elderly,warning
0.237454,0.261875,0.095632,0,1,child,warning
0.060676,0.140132,0.258658,0,1,adult,safe
0.144164,0.162856,0.179439,0,1,elderly,safe
1.042733,1.582025,0.182467,0,1,adult,danger
0.095349,0.130766,0.273359,0,0,elderly,safe
0.352669,0.13886,0.429585,0,0,adult,safe
0.116705,0.066316,0.158249,0,0,child,safe
0.942503,0.231787,0.088372,0,0,child,warning
0.045348,0.09916,0.310984,0,0,adult,safe
0.339822,0.124414,0.198948,0,0,elderly,safe
1.082955,0.91057,0.134038,0,0,adult,danger
0.169226,0.089571,0.244132,1,0,adult,danger
0.418123,0.139183,0.259809,0,0,adult,safe
0.144802,0.104537,0.094732,0,0,elderly,safe
0.138091,0.255869,0.292078,0,0,child,safe
0.263038,0.137179,0.082367,0,0,elderly,safe
0.279548,0.057773,0.204863,0,0,adult,safe
0.25234,0.242523,0.252919,0,0,child,safe
0.14324,0.225118,0.130559,0,1,child,safe
0.110769,0.356927,0.251878,0,0,elderly,safe
0.215633,0.370574,0.327801,0,0,adult,safe
0.296251,0.830127,0.138222,0,0,adult,warning
0.156523,0.251988,0.13916,0,0,elderly,safe
0.104672,0.146738,0.338209,0,0,elderly,safe
0.786186,0.313673,0.250246,0,0,elderly,safe
0.763227,0.229795,0.037128,0,1,elderly,danger
0.954454,0.108995,0.155045,0,0,adult,warning
0.321195,0.156784,0.102192,1,0,adult,danger
0.104425,0.071903,0.121688,0,1,adult,safe
0.117183,0.446662,0.285459,0,0,elderly,safe
0.261106,0.23037,0.108292,1,1,adult,danger
0.326629,0.145894,0.167243,0,0,elderly,safe
0.111724,1.064024,0.114723,0,0,adult,danger
0.098387,0.333415,0.14745,0,1,elderly,safe
0.068324,0.317414,0.221245,0,0,adult,safe
0.198949,0.838162,0.210226,0,0,elderly,warning
0.786003,0.159894,0.148725,0,0,adult,safe
0.105401,0.197936,0.334912,0,1,adult,safe
0.094224,0.145699,0.251244,0,0,adult,safe
1.029666,0.206515,0.420591,0,0,elderly,danger
0.209031,0.236785,0.137645,0,0,elderly,safe
0.124991,0.070389,0.301169,0,0,adult,safe
0.170296,0.312914,0.356709,0,0,adult,safe
0.051,0.972939,0.071906,0,0,elderly,warning
0.177865,0.343451,0.363161,0,1,adult,safe
0.370151,0.823985,0.054519,0,0,elderly,warning
1.165023,0.421925,0.112878,0,0,adult,danger
0.416,0.103263,0.094592,0,0,elderly,safe
1.118828,0.083305,0.359362,0,0,adult,danger
0.178165,0.208229,0.302315,0,0,adult,safe
0.401769,0.063188,1.10413,0,0,child,danger
0.23573,0.044918,0.473194,1,1,elderly,danger
0.172767,0.083632,0.051706,0,0,adult,danger
0.096746,1.652482,0.093855,0,0,adult,danger
0.440774,0.196363,0.053352,0,0,child,safe
0.113625,0.289684,0.091325,0,0,adult,safe
0.174551,1.300527,0.283353,0,0,adult,danger
0.33005,0.127644,0.270881,0,0,elderly,safe
0.104069,0.084699,0.212928,0,1,child,safe
0.442075,0.243124,0.237533,0,0,adult,safe
0.120085,0.964872,0.113654,0,0,elderly,warning
0.034706,0.190546,0.113322,0,1,elderly,safe
0.231876,0.119177,0.300944,0,0,adult,safe
1.094563,0.690338,0.109672,0,0,adult,danger
0.06914,0.203683,0.303487,0,0,child,safe
0.247438,0.122347,0.101705,0,0,adult,safe
0.188074,0.129565,0.168526,0,1,adult,safe
0.55258,0.246688,0.196134,0,0,adult,safe
0.235355,0.183302,0.171173,0,0,child,safe
0.348286,0.105852,0.178902,0,0,adult,safe
0.184398,0.953947,0.223082,0,0,adult,warning
0.347658,0.947989,0.146584,0,0,adult,warning
0.357879,0.212321,0.104353,0,0,child,safe
0.141957,1.025443,0.421997,0,0,elderly,danger
0.253564,1.03113,1.321787,0,0,child,danger
1.066632,0.313889,0.194218,0,0,child,danger
0.094883,0.152911,0.075701,0,0,child,safe
0.793578,0.158144,0.21459,0,0,adult,safe
0.340762,0.078319,0.258931,0,0,elderly,safe
0.115274,0.944054,0.407492,0,1,adult,danger
0.115013,1.010187,0.449959,0,0,adult,danger
0.314732,0.226992,0.205811,0,0,child,safe
0.382783,0.430222,0.349187,0,0,adult,safe
0.094726,0.749627,0.226947,0,0,adult,safe
0.262069,0.219635,0.08778,0,0,child,safe
0.046887,0.088337,0.205884,0,0,elderly,safe
0.228996,0.187601,0.223808,0,0,adult,safe
0.991643,0.364666,0.144847,0,0,child,warning
0.874862,0.117324,0.277708,0,1,adult,warning
0.743361,0.90868,0.318643,0,0,elderly,warning
0.024341,0.097328,0.141997,0,0,elderly,safe
0.148787,0.156245,0.31766,0,1,adult,safe
0.16103,0.042738,0.396109,0,0,adult,safe
0.258012,0.183768,0.263058,0,0,child,safe
0.101936,0.19141,0.568298,0,0,adult,safe
0.778302,0.184742,0.366092,0,0,elderly,safe
0.070976,0.184468,0.191195,0,0,adult,safe
0.234306,0.045374,0.278603,1,1,elderly,danger
0.114963,0.177249,0.051839,0,0,child,danger
0.152767,1.008341,0.157443,0,0,adult,warning
0.22211,0.075884,0.146888,0,0,child,safe
0.333735,0.427047,0.071804,0,0,adult,safe
0.306653,0.105914,0.207359,0,0,elderly,safe
0.250496,0.18274,0.242389,0,1,elderly,safe
0.314554,0.024631,0.061719,0,0,adult,safe
0.214294,0.434565,0.160889,0,0,child,safe
0.070847,0.293603,0.319144,0,0,child,safe
0.107505,0.257601,0.312094,0,0,child,safe
0.265642,0.149903,0.110502,0,0,adult,safe
1.073717,0.075276,0.125602,0,0,adult,danger
0.207155,0.189403,0.069815,0,0,adult,safe
0.111788,0.313596,0.25354,0,0,elderly,safe
0.158198,0.179273,0.073902,0,0,adult,safe
0.096979,0.195503,0.280972,0,0,child,safe
0.106359,0.235871,0.415215,0,0,adult,safe
0.215924,0.26966,0.132416,0,0,adult,safe
0.139719,0.040308,0.148672,0,0,child,danger
0.491421,0.896652,0.09639,0,0,elderly,warning
0.339568,0.213847,0.255943,0,0,child,safe
0.29649,0.48858,0.331804,0,0,child,safe
0.148038,0.057797,0.276599,0,0,adult,safe
0.218949,0.145245,0.120041,1,0,adult,danger
0.265858,1.629793,0.320954,0,0,elderly,danger
0.143349,1.004312,0.106381,1,0,elderly,danger
0.407085,0.121946,0.277056,0,0,adult,safe
0.046341,0.127289,0.324017,0,0,adult,safe
0.341961,0.860818,0.032237,0,0,child,danger
0.263545,0.917891,0.352926,0,0,elderly,warning
0.360095,0.275015,0.193015,0,1,adult,safe
0.095649,0.15591,0.329992,0,0,elderly,safe
0.27702,0.981709,0.182356,0,0,adult,warning
0.228268,0.115993,0.481829,0,0,child,safe
0.394149,0.326165,0.485754,0,0,adult,safe
0.114712,0.293294,0.101106,0,0,adult,safe
0.151524,0.122342,0.204279,0,0,elderly,safe
0.842843,0.115907,0.118751,0,1,child,danger
0.103994,0.070621,0.233766,0,0,child,safe
0.335245,0.065651,0.552177,0,0,elderly,safe
0.323868,0.17546,0.188204,0,0,elderly,safe
0.760766,0.106872,0.09982,1,1,child,danger
0.348042,0.334388,0.140264,0,0,adult,safe
0.112826,0.128909,0.111015,0,1,adult,safe
0.089343,0.829763,0.238329,0,0,elderly,warning
1.257612,0.141883,0.269318,0,0,adult,danger
0.25538,0.200218,0.061926,0,0,adult,safe
0.297994,0.28132,0.138506,0,0,child,safe
0.735642,0.066025,0.194948,0,1,elderly,danger
0.253654,0.232512,0.064986,0,0,adult,safe
0.15483,0.187187,0.068185,0,1,adult,safe
0.087686,0.362106,0.171721,0,0,elderly,safe
0.252631,0.093272,0.243125,0,0,adult,safe
0.293133,0.970374,0.103738,0,0,child,warning
0.180812,0.9378,0.421286,0,0,child,warning
0.18489,0.167313,0.256463,0,1,adult,safe
0.230395,0.136029,0.100201,0,1,adult,safe
0.116063,1.20122,0.323325,0,0,adult,danger
0.042394,0.070627,0.103077,0,0,adult,safe
0.137137,0.239236,0.246364,0,1,child,safe
0.2969,0.22038,0.142713,0,0,adult,safe
0.979078,0.283951,0.226448,0,0,elderly,warning
0.115807,0.349121,0.224495,1,0,child,danger
0.119749,0.15883,0.217544,0,0,adult,safe
0.125176,0.271706,0.197253,0,0,elderly,safe
0.055809,1.038598,0.088223,0,1,adult,danger
1.006742,0.308087,0.146432,0,0,elderly,danger
0.123648,0.357843,0.508528,0,1,adult,safe
0.390254,0.1746,0.288113,0,0,child,safe
0.105412,0.112493,0.099114,0,0,adult,safe
0.257361,0.487901,0.11064,0,0,adult,safe
0.358368,0.371901,0.125484,0,0,adult,safe
0.201886,0.117573,0.102445,0,0,adult,safe
0.370839,0.233736,0.509647,0,0,child,safe
0.08293,0.128592,0.28019,0,0,child,safe
0.17793,1.083588,0.151645,0,1,adult,danger
0.19245,0.15789,0.177437,0,1,adult,safe
0.072779,0.102386,0.136011,1,1,elderly,danger
0.100141,0.145944,0.090736,0,0,adult,safe
0.803333,0.252085,0.142684,0,0,adult,warning
0.267154,0.135161,0.122168,1,0,adult,danger
0.404663,0.792397,0.319853,0,0,child,danger
0.206463,0.262018,0.225682,0,0,adult,safe
0.086247,0.337801,0.290489,0,0,adult,safe
0.355479,0.105842,0.304146,0,0,child,safe
1.157773,0.061545,0.225881,0,0,child,danger
0.200935,0.953959,0.187817,1,0,elderly,danger
0.134381,1.555304,0.092694,0,0,child,danger
0.04411,0.080182,0.45842,0,1,child,safe
0.168201,1.049511,0.069968,0,0,child,danger
0.143528,0.192931,0.211394,0,0,adult,safe
0.065132,0.236013,0.225267,0,1,adult,safe
0.265478,1.728728,0.084414,0,0,elderly,danger
0.396053,0.082813,0.122198,0,0,adult,safe
0.401338,0.246366,0.267928,0,0,adult,safe
1.065925,1.188028,0.055641,0,0,adult,danger
1.711704,0.142577,0.035832,0,0,adult,danger
0.109518,0.822009,0.091047,0,0,elderly,warning
0.852877,0.097664,0.123049,0,0,elderly,warning
0.127979,0.184821,0.184669,0,0,child,safe
0.2542,0.173639,0.130443,0,0,adult,safe
0.109431,0.217133,0.273141,0,0,child,safe
0.224708,0.178652,0.151636,0,0,child,safe
0.129614,0.832455,0.275315,0,0,adult,warning
0.868636,0.406307,0.092513,0,1,adult,danger
0.159585,0.900778,0.35888,0,0,adult,warning
0.229023,0.0766,0.294284,0,1,elderly,safe
0.306942,0.044214,0.281346,0,0,adult,safe
0.277886,0.211771,0.253973,0,0,adult,safe
0.728301,0.231532,0.376584,0,1,elderly,danger
0.840144,1.217601,0.065745,0,0,elderly,danger
0.096823,0.119898,0.065356,0,0,adult,safe
0.252969,0.147699,0.389922,0,0,elderly,safe
0.193351,0.294058,0.134805,0,0,adult,safe
0.210488,0.18814,0.352508,0,0,elderly,safe
0.263424,0.190765,0.124538,0,0,adult,safe
0.22571,0.223588,0.100137,0,0,adult,safe
0.261812,0.28347,0.134977,0,0,elderly,safe
0.097175,0.039673,0.060514,0,0,child,safe
0.257578,0.856349,0.053159,0,0,child,warning
0.214748,0.3555,0.117532,0,0,elderly,safe
1.114857,0.182245,0.162388,0,1,elderly,danger
0.160579,0.259362,0.245035,0,1,child,safe
0.059529,0.088827,0.228951,0,0,adult,safe
0.358512,0.335234,0.15384,0,0,child,safe
0.157996,0.09547,0.120223,0,0,child,safe
1.250109,0.159919,0.357703,0,0,elderly,danger
0.322501,0.093626,0.094784,0,1,elderly,safe
0.211788,0.191912,0.306989,0,0,child,safe
0.360029,0.364174,0.068939,0,0,elderly,safe
0.0956,0.049764,0.131381,0,0,elderly,safe
0.344548,0.4065,0.167693,0,0,elderly,safe
0.373802,0.118518,0.16041,0,1,adult,safe
0.221678,1.116868,0.380645,0,0,child,danger
0.115525,0.22126,0.092948,0,1,child,safe
0.332106,0.435675,0.417327,0,0,child,safe
0.419785,0.256969,0.89393,0,1,adult,warning
0.288167,1.509002,0.245366,0,0,adult,danger
0.153025,1.521893,0.178003,0,0,elderly,danger
0.051092,0.203718,0.17255,0,0,child,safe
0.163937,0.411094,0.215032,0,0,elderly,safe
0.406034,0.295056,0.391577,0,0,elderly,safe
0.225888,0.368212,0.105342,0,0,adult,safe
0.76746,0.160539,0.316597,0,0,child,safe
0.311524,0.062765,0.128551,0,1,child,safe
0.167206,0.364846,0.099342,0,0,adult,safe
0.954427,0.1567,0.176319,0,0,adult,warning
0.792338,1.222912,0.353119,0,0,child,danger
1.125221,0.062351,0.217399,0,0,adult,danger
0.149271,0.432275,0.293247,0,0,child,safe
0.207874,0.08879,0.194855,0,0,adult,safe
1.293387,0.15069,0.063443,0,0,adult,danger
0.397429,0.257006,0.157481,0,0,adult,safe
0.144394,0.138453,0.238778,0,0,elderly,warning
0.226117,0.698522,0.156348,1,0,elderly,danger
0.093527,1.447598,0.171427,0,1,elderly,warning
0.199352,0.944684,0.274351,0,0,child,warning
0.091495,0.133752,0.380586,0,0,adult,safe
0.365923,0.320441,0.318495,0,0,adult,safe
0.061851,0.242198,0.136171,0,0,adult,safe
0.436724,0.128706,0.211523,0,0,child,danger
0.887638,0.084153,0.087137,0,0,child,warning
0.206951,1.030363,0.133888,0,0,adult,danger
0.169255,0.168507,0.38182,0,0,adult,safe
1.035093,0.238518,0.241918,0,0,child,danger
0.166918,0.171371,0.062241,0,1,child,safe
0.126558,0.459305,0.4336,0,0,adult,safe
0.202588,0.115316,0.152989,0,0,child,safe
0.268326,0.16767,0.308351,0,1,adult,safe
0.104312,0.187964,0.247116,0,0,child,safe
1.715084,0.197528,0.316642,0,1,adult,danger
0.307693,0.148225,0.407081,0,0,adult,safe
0.115728,0.374811,0.17054,0,0,elderly,safe
0.083078,0.100527,0.15138,0,0,elderly,safe
0.203668,0.219624,0.089089,0,0,child,safe
0.946249,0.126646,0.19954,0,1,elderly,danger
0.966526,0.211816,0.290977,0,1,adult,danger
0.800189,0.123248,0.125099,0,0,child,warning
0.06448,0.149209,0.254445,0,1,adult,safe
0.087209,1.034635,0.068469,0,0,adult,danger
0.970246,0.160866,0.186443,0,0,adult,warning
0.827082,0.144796,0.0702,0,1,elderly,danger
0.369424,1.022153,0.252504,0,1,elderly,danger
0.192423,0.211387,0.369309,0,1,elderly,warning
0.425195,0.353474,0.184645,0,0,child,safe
0.175393,0.122612,0.276501,0,0,elderly,safe
0.167677,0.25407,0.219855,0,0,adult,safe
0.275428,0.119192,0.099266,0,0,child,danger
0.128083,1.800685,0.039073,0,0,adult,danger
0.171049,0.18212,0.075621,0,1,elderly,safe
0.167198,0.339568,0.858505,0,1,child,warning
0.210429,0.928929,0.390951,0,0,adult,warning
0.162928,0.163281,0.248242,0,0,adult,safe
0.123984,0.271431,0.145514,0,0,adult,safe
0.71859,1.037102,0.174813,1,0,elderly,danger
0.366433,0.942166,0.164621,0,0,child,safe
1.226822,0.184356,0.271973,0,0,adult,danger
0.211879,0.280214,0.28628,0,0,adult,safe
1.066287,0.23723,0.169657,0,0,adult,danger
0.44643,0.90816,0.26458,0,1,adult,danger
0.277662,1.532703,0.251132,0,0,elderly,danger
0.159172,0.254194,0.241339,0,0,adult,safe
0.098358,0.887518,0.797066,0,0,adult,warning
0.10781,0.028905,0.313893,0,0,adult,safe
0.298347,0.27946,0.079437,0,0,child,safe
0.839099,0.064786,0.144487,0,0,child,warning
0.828255,0.243598,0.312861,0,1,elderly,danger
0.113329,0.254473,0.307644,0,0,adult,safe
0.168501,0.052218,0.042925,0,1,elderly,safe
0.096301,0.183714,0.067658,0,1,adult,safe
0.372629,0.110883,0.191222,1,0,child,danger
1.055894,0.081267,0.155573,1,0,adult,danger
0.35322,0.090585,0.33928,0,0,adult,safe
0.112304,1.238506,0.133139,1,0,child,danger
0.295847,0.225049,0.203723,0,0,elderly,safe
0.20479,0.199121,1.082728,0,0,child,danger
1.047601,0.044495,0.193973,0,0,adult,danger
0.253797,1.190401,0.024912,0,0,adult,danger
0.197241,0.118411,0.082413,0,0,child,safe
0.320704,1.174096,0.362899,0,1,adult,danger
0.152261,1.183188,0.148863,0,0,adult,danger
0.080375,0.745218,0.333862,0,0,adult,safe
0.025514,0.280741,0.308269,1,0,adult,danger
0.039052,0.139791,0.457313,0,0,adult,safe
0.212858,0.126078,0.147817,0,0,child,safe
0.196374,0.811458,0.06545,0,1,adult,danger
1.085409,0.230327,0.281337,0,1,child,danger
0.939959,0.309793,0.495789,0,1,adult,danger
0.330745,0.181677,0.206155,0,0,adult,safe
0.128802,0.064557,0.320128,0,0,child,safe
0.148519,0.252328,0.227723,0,0,adult,safe
0.212423,0.273871,0.133041,0,0,adult,safe
0.083829,0.068668,0.164558,0,0,adult,safe
0.928602,0.903173,0.098656,0,0,adult,warning
0.215726,0.386375,0.307084,0,0,elderly,safe
0.242946,1.607289,0.392249,0,0,adult,danger
0.272481,0.874256,0.309379,0,0,child,warning
0.179233,0.86789,0.264266,0,0,elderly,warning
0.325518,1.634966,0.125294,0,0,elderly,danger
0.056041,1.05484,0.143658,1,0,child,danger
0.217836,0.136595,0.169908,0,1,elderly,safe
0.162785,1.081201,0.272953,0,0,adult,danger
0.290598,0.305122,0.120808,0,0,adult,warning
0.248193,0.753514,0.806069,0,1,adult,danger
0.300488,0.714672,0.270528,0,0,child,safe
0.088505,0.139296,0.291805,0,0,child,safe
1.022982,0.15432,0.112643,0,0,adult,danger
0.160825,0.116436,0.423017,0,0,elderly,safe
0.183342,0.166382,0.124151,0,1,adult,safe
0.420517,0.138446,0.157539,0,0,adult,safe
0.091699,0.215012,0.278559,0,0,elderly,safe
0.141691,0.316071,0.110737,0,0,adult,safe
0.238298,0.183622,0.184856,0,0,adult,warning
0.179676,0.043601,0.246944,0,1,elderly,safe
0.237742,0.304585,0.156387,0,0,elderly,safe
0.172405,0.207273,0.144692,0,0,adult,safe
0.201632,0.230076,0.236943,0,0,elderly,safe
0.761295,0.142641,1.009216,0,0,elderly,danger
0.267187,0.234021,0.222346,0,1,child,safe
0.219684,0.768962,0.217819,1,0,adult,danger
0.204839,0.46122,0.13902,1,0,elderly,danger
0.24318,1.110287,0.141722,0,0,adult,danger
0.880074,0.045533,0.190269,0,0,child,warning
0.743951,0.891791,0.243447,0,0,adult,warning
0.819635,0.307637,0.163044,0,0,adult,warning
0.190707,0.246312,0.705369,0,0,adult,safe
0.461845,0.124585,0.206395,0,0,adult,safe
0.102845,0.118421,0.868619,0,0,elderly,warning
0.273269,0.807149,0.12296,0,1,elderly,danger
0.354978,0.124994,0.33456,0,0,adult,safe
0.291469,0.255915,0.185412,0,0,elderly,safe
0.288299,0.435275,0.113531,0,0,adult,safe
0.121455,1.4131,0.255213,0,0,adult,danger
0.163922,0.190788,0.195132,0,0,elderly,safe
0.113501,0.32129,0.211321,0,0,adult,safe
0.168788,0.237702,0.250775,0,0,elderly,safe
0.257178,0.283482,0.194313,0,0,adult,safe
0.058357,0.285391,0.192441,0,0,adult,safe
0.067491,1.008587,0.146512,1,1,elderly,safe
0.169287,0.215022,0.283011,0,0,child,safe
0.103532,0.296751,0.133253,0,0,elderly,safe
0.22259,0.267111,0.08671,0,0,child,danger
0.153185,0.139445,0.359646,0,0,adult,safe
0.035084,0.470585,0.360425,0,1,child,safe
0.988223,0.065579,0.295399,0,0,adult,warning
0.158106,0.259086,0.308066,0,0,elderly,safe
0.151751,0.869288,0.29771,0,0,adult,warning
0.165627,0.278972,0.223407,0,0,child,safe
0.059076,0.357059,0.290943,0,1,elderly,safe
0.313904,0.200704,0.34732,0,0,adult,safe
0.226618,0.404405,0.28118,0,0,adult,safe
1.121271,0.189138,0.071666,0,0,adult,danger
0.178274,0.921926,0.391649,0,1,child,safe
0.158305,0.078212,0.263997,0,0,adult,safe
0.159132,0.05489,0.201566,0,0,adult,safe
1.032064,0.175952,0.072903,0,0,adult,danger
0.082659,0.1288,0.212542,0,0,adult,safe
0.15852,0.111057,0.132281,0,0,adult,safe
0.431946,0.090692,0.317728,0,0,elderly,safe
0.347113,0.307539,0.05593,0,0,adult,safe
0.297012,0.10525,0.128835,0,0,adult,safe
1.107765,0.108487,0.256302,0,0,elderly,danger
0.158233,0.248405,0.151276,0,0,adult,safe
0.28909,0.11678,0.34354,0,0,adult,safe
0.92149,0.872364,0.126141,0,0,child,safe
1.142294,0.071533,0.07708,0,1,adult,danger
0.334943,0.410232,0.150879,0,0,elderly,safe
0.118296,0.934313,0.206774,0,0,elderly,warning
0.261436,0.868554,0.497921,0,0,adult,warning
0.207157,0.177131,0.165426,0,0,adult,safe
0.832716,1.60213,0.092738,0,0,adult,danger
0.09812,0.115256,0.291624,0,0,adult,safe
0.930763,0.148485,0.201874,0,0,child,warning
0.186654,0.072417,0.207993,0,1,child,safe
0.914442,0.11967,1.271069,0,0,elderly,danger
0.183839,0.21849,0.390568,0,0,elderly,safe
0.08081,0.201907,0.037161,0,0,child,safe
0.171247,0.122749,0.156367,0,1,adult,safe
0.690435,0.255392,0.178404,0,0,child,safe
0.252712,0.95023,0.218332,0,1,adult,danger
0.246249,0.121168,0.059224,0,0,adult,safe
0.296849,0.81565,0.422549,0,0,child,safe
0.083804,0.113817,0.322068,0,0,adult,danger
0.123885,0.289666,0.161969,1,0,elderly,danger
0.236444,0.215373,0.131248,0,0,child,safe
1.053002,0.064716,0.130962,0,0,elderly,danger
0.104155,0.12211,0.088359,0,0,adult,safe
0.107722,0.904446,0.206753,0,0,elderly,warning
0.139732,1.050826,0.162456,0,0,adult,danger
0.743827,0.24193,0.16372,0,0,adult,safe
0.231318,0.286888,0.199617,0,0,elderly,safe
0.214854,1.478903,0.246209,0,0,adult,danger
0.24422,0.328477,0.112404,0,0,adult,safe
0.156641,0.436742,0.137967,0,1,child,safe
0.317257,0.179271,0.330582,0,0,adult,safe
0.098883,0.118086,0.179579,0,0,elderly,safe
1.060376,0.191322,0.074603,0,0,child,danger
0.106619,0.219873,0.162794,0,1,adult,safe
0.496859,0.233747,0.198983,0,0,child,safe
0.155474,1.035508,0.179807,1,0,adult,danger
0.214654,0.312243,1.24552,0,0,adult,danger
0.22965,0.231175,0.280875,0,0,child,safe
0.216927,0.04629,1.251572,0,1,adult,danger
1.001335,0.176496,0.109381,0,0,adult,danger
0.255095,0.273254,0.212435,0,0,adult,safe
0.080899,0.187234,0.147655,0,0,adult,safe
0.094918,0.366031,0.236775,0,0,elderly,safe
0.395194,0.294278,0.236366,0,0,child,safe
0.126359,0.299442,0.197442,0,0,adult,safe
0.143722,0.074774,0.980373,0,0,elderly,warning
0.164617,0.160595,0.377036,0,0,adult,safe
0.198114,0.308476,0.186601,1,0,adult,danger
0.336484,0.109187,0.258128,0,0,child,safe
0.818259,0.224212,0.442262,0,0,adult,warning
0.988294,0.156938,0.395974,0,0,child,warning
0.218479,0.234271,0.139657,0,0,child,safe
0.23784,0.094261,0.455303,0,1,elderly,safe
0.290524,0.046828,0.132148,0,0,child,safe
0.14591,0.253214,0.413642,0,0,adult,safe
0.907368,0.238673,0.365989,0,0,elderly,warning
0.168705,0.18173,0.069046,0,0,elderly,safe
0.3348,0.893945,0.069946,0,0,child,warning
0.113863,0.951138,0.178948,0,0,child,warning
0.210228,0.297609,0.240802,0,0,adult,safe
0.3426,1.590143,0.139979,0,0,elderly,danger
0.095527,0.146172,0.329787,0,0,child,safe
0.125051,0.193733,0.378063,0,0,adult,safe
0.131232,0.096848,0.446238,0,0,elderly,safe
0.859126,0.791022,0.247132,0,0,adult,warning
0.240524,0.203253,0.204472,0,0,adult,safe
0.036157,0.281667,0.128618,0,0,adult,safe
0.753162,0.935948,0.135175,0,0,adult,warning
0.190968,0.067743,0.19621,0,0,adult,safe
0.094025,0.175085,0.285849,0,1,child,safe
0.213537,0.449258,0.083712,0,0,elderly,warning
0.22135,0.229104,0.321768,0,1,child,safe
1.034882,1.115878,0.244333,0,0,child,danger
0.354627,1.953414,0.199086,0,1,adult,danger
0.167149,0.08653,0.226235,0,0,adult,safe
0.376959,0.180854,0.112181,0,0,adult,safe
0.142785,0.208706,0.202659,0,0,adult,safe
0.151423,0.828975,0.254137,0,1,adult,danger
0.838803,0.143029,0.463512,0,0,child,warning
0.160818,0.046076,0.112609,0,1,adult,safe
0.253685,0.186517,0.24087,0,0,elderly,safe
0.155437,0.234601,0.245503,0,0,child,safe
0.244079,0.215781,0.125856,0,1,child,safe
0.896539,0.461249,0.149693,0,1,adult,danger
1.144287,0.122495,0.238095,0,0,elderly,danger
0.233398,0.218098,1.399298,0,0,adult,danger
0.275669,0.365608,0.275747,0,0,child,safe
1.155601,0.264391,0.081179,0,0,elderly,danger
0.093942,0.389257,0.032899,1,0,elderly,danger
0.057391,0.118508,0.245732,1,1,child,danger
0.134264,0.269089,0.037136,0,0,child,safe
0.056103,0.18616,0.106298,0,0,adult,safe
0.80054,0.239636,0.262811,0,0,child,warning
0.289387,0.260426,0.135778,0,0,adult,safe
0.102308,0.126476,0.132188,0,0,elderly,warning
0.208526,0.236899,0.226066,0,0,adult,safe
0.240085,0.093323,0.186608,0,1,elderly,safe
0.342408,0.166554,0.238693,0,1,elderly,safe
0.056724,0.178925,0.349056,0,0,child,safe
1.178429,0.200631,0.062785,0,0,child,danger
0.557439,0.359701,0.26636,0,0,adult,safe
0.213025,0.136998,0.059959,0,0,adult,safe
0.990522,0.216619,0.296943,0,0,adult,warning
0.341118,0.15974,0.11609,0,0,child,safe
1.453666,0.080235,0.153529,0,0,child,danger
0.295003,0.314123,0.323828,0,0,adult,safe
0.207176,0.052104,0.247485,0,0,elderly,safe
0.110009,0.253758,0.115991,0,0,adult,safe
0.964363,1.037161,0.104284,0,0,child,danger
0.236319,0.843543,0.089176,1,0,child,danger
0.194352,0.046854,0.166046,0,1,adult,safe
1.806337,1.128699,0.17535,0,0,adult,danger
0.221151,0.230484,1.004208,0,0,child,danger
0.273585,0.110337,0.242764,0,1,elderly,safe
0.075939,1.166961,1.580135,0,0,child,safe
0.375189,0.105988,0.172295,0,0,adult,safe
0.141898,0.136021,0.175699,0,0,adult,safe
0.687986,0.34715,0.249684,0,1,adult,danger
0.354523,0.406478,0.211174,0,0,child,safe
0.157254,0.104311,0.413377,0,0,adult,safe
0.374358,1.074128,0.173402,1,0,child,danger
0.123969,0.394537,0.074727,0,0,child,safe
0.21031,0.109012,0.245307,0,0,adult,safe
0.384115,0.033259,0.046487,0,0,adult,safe
0.428022,0.142626,0.182676,1,0,child,danger
1.110802,0.106727,0.210174,0,0,adult,danger
0.287492,0.358196,0.308919,0,1,adult,safe
0.193894,0.294117,0.117329,0,0,adult,safe
0.058738,0.044613,0.171293,0,0,adult,safe
0.390365,0.239428,0.088809,0,0,adult,safe
0.096223,1.01447,0.321997,0,0,adult,danger
0.298052,0.143711,0.286066,0,0,adult,safe
0.068248,0.145632,0.267197,0,0,child,safe
0.758184,0.050028,0.134246,0,1,adult,danger
0.237063,0.691234,0.14072,0,0,elderly,safe
0.210807,0.344065,0.152705,0,0,adult,safe
0.201389,0.32469,0.057501,0,1,child,safe
0.221066,0.137835,1.906997,0,0,elderly,danger
0.161713,0.067759,0.508167,0,0,adult,safe
0.308847,0.863948,0.196785,0,0,child,warning
0.18978,0.248946,0.147711,0,0,adult,safe
0.200833,0.188607,0.248449,0,1,elderly,safe
0.290976,0.205112,1.039395,0,0,elderly,danger
0.057079,0.805808,0.132764,0,1,adult,danger
0.393864,0.095989,0.185571,1,1,elderly,danger
0.768703,0.197229,0.277862,0,0,child,safe
0.136897,0.741378,0.134546,0,0,child,safe
0.23986,1.6256,0.10641,0,0,adult,danger
0.149088,1.710673,1.794976,0,0,elderly,danger
0.133694,0.112129,0.214303,1,0,elderly,danger
0.122345,0.911493,0.354461,0,0,adult,warning
1.201394,0.059976,0.208234,0,1,adult,danger
0.380231,0.105295,0.176702,0,0,elderly,safe
0.110565,0.147595,0.313736,0,0,adult,safe
0.198732,0.148449,0.142025,1,0,adult,danger
0.131227,0.203446,0.226915,0,0,child,safe
0.353447,0.073244,0.371819,0,0,child,safe
0.265908,0.913811,0.154543,0,0,elderly,warning
0.192449,0.045743,0.51234,0,0,child,safe
0.195388,1.131085,0.104591,0,1,elderly,danger
0.181882,1.470599,0.218808,0,0,adult,danger
1.443475,0.203955,0.2407,0,0,adult,danger
0.192139,0.338944,0.339459,0,0,child,safe
0.897261,0.242698,0.057196,1,0,child,danger
0.144484,0.363332,0.282266,0,0,adult,safe
1.000127,0.286775,0.063909,0,0,adult,danger
1.032739,0.930409,0.204265,0,0,adult,danger
0.134665,1.156599,0.136457,0,1,elderly,danger
0.166817,0.195677,0.082655,1,0,elderly,danger
0.874451,0.08666,0.29589,0,0,adult,warning
0.420271,0.199864,0.284453,0,0,adult,safe
0.253141,0.167355,0.219482,0,0,adult,danger
0.312375,0.156928,0.284536,0,0,elderly,safe
0.08372,0.25416,0.305592,0,0,adult,safe
0.926867,0.072756,0.23147,0,0,adult,warning
0.252119,0.871951,0.070973,0,0,child,warning
0.196884,0.149862,0.279647,0,0,adult,safe
0.326712,1.096019,0.045852,1,0,elderly,danger
0.977177,0.115148,0.076071,0,0,adult,warning
0.18419,0.248829,0.038202,0,0,adult,safe
0.183044,0.353294,0.165842,0,0,elderly,safe
0.461173,0.257492,0.13935,1,0,elderly,danger
0.284484,0.05622,0.321942,0,0,adult,safe
0.181504,0.79475,0.101302,0,0,elderly,safe
0.223015,0.894346,0.238134,0,0,elderly,warning
0.2295,0.304655,0.26534,0,0,adult,safe
1.077964,0.82015,0.251896,0,0,elderly,danger
0.073572,0.200888,0.214089,0,1,child,safe
0.233363,0.308272,0.213138,0,0,elderly,safe
0.152046,0.0849,0.127937,0,0,adult,safe
0.068979,0.082891,0.131893,0,0,child,safe
0.189983,0.108542,0.136587,0,0,adult,safe
0.148169,0.042065,0.168234,0,0,elderly,safe
0.341761,0.282206,0.871796,0,0,child,warning
1.67306,0.218439,0.37486,0,0,adult,danger
1.102867,1.00942,0.070506,0,0,adult,danger
0.16027,0.346274,0.43974,0,0,elderly,warning
0.926566,0.868005,0.434288,0,0,adult,warning
1.167386,0.243427,0.161098,0,0,adult,danger
1.02979,0.106989,0.184447,0,0,elderly,danger
0.184947,0.200539,0.074169,0,1,elderly,safe
0.291852,0.291881,0.158997,0,1,adult,safe
0.772549,0.230508,0.454991,0,0,child,safe
0.185849,0.130154,0.23063,0,0,adult,safe
1.701203,0.139377,0.170811,0,0,adult,danger
0.996629,0.939208,0.096513,0,0,adult,warning
0.261233,0.228453,0.105694,0,0,adult,safe
0.077686,0.141258,0.162321,0,0,adult,safe
0.448522,0.811022,0.098172,0,0,adult,warning
0.184154,0.915992,0.095168,0,0,child,warning
1.029338,0.188781,0.175902,0,1,elderly,danger
0.435498,0.129461,0.035362,0,1,elderly,warning
0.032133,0.225268,0.1621,0,0,child,safe
0.039162,0.248779,0.140349,0,0,adult,safe
0.83801,0.309421,0.109099,0,0,child,warning
0.131593,0.35378,0.129895,0,1,adult,warning
1.053632,0.306359,0.216783,0,0,adult,danger
0.1093,0.160507,0.23881,0,1,elderly,safe
0.139657,0.382724,0.099206,1,0,child,danger
0.915786,0.149461,0.287357,0,1,elderly,danger
0.101319,1.628245,0.119729,0,0,adult,danger
0.235854,0.755874,0.053506,0,1,child,danger
0.22342,0.850765,0.326764,0,1,child,danger
0.297269,0.26143,0.171512,0,1,child,safe
0.196485,0.277637,0.147188,0,0,child,safe
0.185123,0.182847,0.051405,0,1,adult,warning
0.323668,0.382159,0.214888,0,0,adult,safe
0.354005,0.181674,0.093797,0,0,elderly,safe
0.036262,0.120795,0.106885,1,0,child,danger
0.253564,0.129977,0.191342,0,0,elderly,safe
0.173715,0.182514,0.188251,1,0,adult,danger
0.543559,0.171053,0.230974,0,0,child,safe
0.180286,0.158894,0.082085,0,0,adult,safe
0.059581,0.380136,0.110209,0,0,elderly,safe
0.208656,0.336183,0.242377,0,0,child,safe
0.225588,0.165025,0.144258,0,0,adult,warning
0.156238,0.095788,0.165784,1,0,elderly,danger
1.530554,0.193463,0.112292,0,0,adult,danger
0.160566,0.861342,0.401066,0,0,adult,warning
0.247448,0.053284,0.243361,0,0,elderly,safe
0.930947,0.165184,0.192441,0,0,child,warning
0.129533,0.214122,0.412847,0,0,elderly,safe
0.194594,0.343755,0.296231,0,1,child,safe
0.337729,0.110594,0.088126,0,0,adult,safe
0.293315,0.387521,0.28633,0,0,elderly,safe
0.055521,0.179676,0.077027,1,0,adult,danger
0.159229,0.29993,0.215167,0,1,adult,safe
0.088047,0.16283,1.042955,0,0,child,danger
0.161402,0.10796,0.222308,0,0,elderly,safe
0.139359,0.358731,0.082609,0,1,child,safe
0.243196,0.179486,0.384048,0,0,child,safe
0.089671,0.209404,1.512597,0,0,adult,danger
0.846106,0.254519,0.055578,0,1,elderly,danger
0.306891,0.171212,0.044329,0,1,adult,safe
0.31076,0.288263,0.254129,0,0,adult,safe
0.141988,0.915515,0.393177,0,0,child,warning
0.093016,0.186878,0.185851,0,0,elderly,safe
0.206828,1.324313,0.232889,0,0,child,danger
0.375598,0.244997,0.268594,0,0,adult,safe
0.24903,1.192437,0.28646,0,0,adult,danger
0.11506,0.321396,0.180496,0,0,adult,safe
0.248071,0.258119,0.217213,0,1,elderly,safe
0.041593,0.291216,0.243981,0,0,child,safe
1.094293,0.061483,0.263148,0,0,child,danger
0.070681,0.311462,0.119436,0,0,adult,safe
0.103986,0.106025,0.152596,0,0,elderly,safe
0.073402,0.053534,0.30015,0,0,adult,safe
0.114421,0.761427,0.327838,0,0,adult,safe
0.414726,0.712207,0.240376,0,0,elderly,safe
0.262363,0.131275,0.080118,0,0,elderly,safe
0.260388,0.206491,0.065219,0,0,child,safe
0.289931,0.772371,0.32292,0,0,adult,safe
0.307658,0.318654,0.097441,0,0,child,safe
0.19254,0.15514,0.326631,0,0,child,safe
0.063877,1.694196,0.239123,0,0,child,danger
0.159911,1.144405,0.226359,0,0,child,danger
0.330887,0.056163,0.182398,0,0,elderly,safe
0.05127,0.147496,0.115681,0,0,adult,safe
0.146516,0.963643,0.211255,0,0,child,warning
0.787481,0.270159,0.52022,0,1,child,danger
0.174237,0.127237,0.290467,0,1,adult,safe
0.190604,0.162822,0.362579,0,0,adult,safe
0.083575,0.137054,0.124428,0,0,adult,safe
0.209635,0.188826,0.942633,0,0,child,warning
1.041384,0.378857,0.213882,0,0,elderly,danger
0.109656,0.073565,0.09386,0,0,adult,safe
0.177329,0.419044,0.231606,0,0,child,danger
0.263877,0.165568,0.063682,0,0,child,safe
0.900985,0.419479,0.202792,0,0,adult,warning
0.070224,0.195854,0.258573,0,1,adult,safe
0.1077,0.139131,0.141433,0,1,elderly,safe
0.083997,0.489024,0.100148,0,1,elderly,safe
0.474815,0.10894,0.035786,0,0,elderly,safe
0.111639,0.3193,0.329227,0,1,elderly,safe
0.167283,1.07974,0.312375,0,1,adult,danger
0.746377,0.142686,0.089638,0,0,child,safe
0.052362,0.059142,0.311747,0,0,elderly,safe
1.119005,0.059342,0.317651,0,0,adult,danger
0.159632,0.060148,0.237105,0,0,adult,safe
0.182167,0.931735,1.722851,0,1,elderly,danger
0.256529,0.265422,0.143822,0,0,elderly,safe
0.16272,0.185985,0.160717,0,1,child,safe
0.111477,0.889398,0.280021,1,0,elderly,danger
0.295431,0.070083,0.217225,0,1,child,safe
1.030436,0.15915,0.417379,0,0,child,danger
0.234844,0.843755,0.219742,0,0,adult,warning
0.88546,0.092407,0.132992,0,1,elderly,danger
0.156798,0.128706,0.302604,0,0,child,safe
0.231585,1.03432,0.308511,0,0,adult,danger
0.183383,0.384907,0.289008,0,0,child,safe
0.102839,0.213754,0.317377,0,0,child,safe
0.039141,0.332759,0.204431,0,0,adult,safe
0.844674,0.093621,0.306077,0,1,elderly,danger
0.104343,0.143209,0.171368,0,0,adult,safe
0.112724,0.224123,0.347727,0,0,child,safe
0.17219,0.100043,0.12275,0,0,adult,safe
0.143376,0.285841,0.187772,0,0,elderly,safe
0.222103,0.187203,0.194167,0,0,adult,safe
0.242214,0.025705,0.177076,0,0,child,safe
0.266312,0.19641,0.24255,0,1,adult,safe
0.189427,0.417557,0.127821,0,0,adult,safe
0.054161,0.091262,0.15246,0,0,adult,safe
0.443275,0.186052,0.186578,0,1,adult,safe
0.297423,0.179507,0.391977,0,0,adult,safe
0.21185,0.291299,0.346656,0,0,adult,safe
1.002765,0.256739,0.263702,0,1,child,danger
0.065347,0.243168,1.362712,0,1,adult,danger
0.455141,0.214081,0.198162,0,0,elderly,safe
1.797767,0.028741,0.403594,0,1,adult,danger
0.477747,0.082476,0.085504,0,0,child,safe
0.706599,0.149145,0.101182,0,0,adult,safe
0.855878,0.944614,1.418938,0,0,elderly,danger
0.222574,0.820641,0.288505,0,0,child,warning
0.227854,0.292503,0.338423,0,0,child,safe
0.349289,0.050438,0.140577,0,0,child,safe
0.324392,0.169524,0.134076,0,1,elderly,safe
0.111247,0.86609,0.299437,0,1,adult,danger
0.242649,1.381457,0.259278,0,0,elderly,danger
0.217273,0.987289,0.17789,0,0,elderly,warning
0.383059,1.025605,0.12904,0,0,adult,danger
0.150993,0.079531,0.20275,0,1,adult,safe
0.173504,0.219352,0.138013,0,0,child,safe
0.157128,0.142122,0.097587,0,0,child,safe
0.185147,0.228564,0.402348,0,0,adult,safe
0.248343,0.412286,0.24841,0,0,elderly,safe
0.92887,0.13408,0.142881,0,0,adult,warning
0.299616,0.137174,0.143302,0,1,adult,safe
0.178191,0.252087,0.026328,0,0,elderly,safe
0.981047,1.003178,0.218905,1,0,child,danger
0.401808,0.177898,0.145768,0,0,adult,safe
0.502382,0.820077,0.487378,0,0,child,warning
0.204359,0.071165,0.358074,0,1,adult,safe
0.049938,0.904652,0.15495,0,0,elderly,warning
0.151817,0.122528,0.123611,0,1,elderly,safe
0.185822,0.119915,0.100933,0,0,adult,safe
0.097706,0.069521,0.137742,0,0,child,safe
0.20212,0.101033,0.176749,0,1,adult,safe
0.132779,0.168837,0.371288,0,0,child,safe
0.100655,0.276159,0.326036,0,1,adult,safe
0.154275,0.17231,0.26456,0,0,child,safe
0.869273,0.29944,0.32903,0,0,elderly,warning
0.809574,0.117879,0.139208,0,0,adult,warning
0.111511,0.166125,0.121817,1,0,child,warning
1.001244,0.061428,0.291507,0,0,adult,danger
0.210331,0.884826,0.097008,0,0,adult,warning
0.274379,0.245803,0.200529,0,0,elderly,safe
1.105727,0.252262,0.239762,1,1,adult,danger
0.04591,0.315842,0.140746,0,0,elderly,safe
0.214344,0.204568,0.199462,0,0,child,safe
0.149006,0.307861,0.217883,0,0,adult,safe
0.118189,0.198645,0.084403,0,0,adult,safe
0.064933,0.120404,0.117308,0,0,child,safe
0.079027,0.094038,0.104039,0,0,elderly,safe
0.162385,0.889252,0.073019,0,0,adult,warning
0.234564,0.172922,0.307618,1,0,adult,danger
0.347873,0.109844,0.301783,0,0,child,safe
0.25131,0.155873,0.208725,0,0,elderly,safe
0.779765,0.197626,0.228278,0,0,adult,safe
0.386838,0.149914,0.409455,0,0,adult,safe
0.119425,0.204954,1.567986,0,0,elderly,danger
0.033202,0.223218,0.151861,0,0,adult,safe
1.198383,1.069643,0.250969,0,1,child,danger
0.783867,0.067913,0.163876,0,0,child,safe
0.264755,0.181026,0.227233,0,0,adult,safe
0.217507,0.842579,0.248304,0,0,child,danger
0.151661,0.157687,0.087301,0,1,child,safe
0.122451,0.149107,0.022564,0,0,adult,safe
0.992787,0.15415,0.365147,0,0,adult,warning
0.278316,0.094185,0.241005,0,0,child,danger
0.222839,0.169554,0.286609,0,1,adult,safe
0.060623,1.206475,0.292074,0,0,adult,danger
0.19711,0.150805,0.202725,1,0,child,danger
0.124992,0.243116,0.15348,0,0,adult,safe
0.17097,0.042201,0.241033,0,0,adult,safe
0.106669,1.774366,0.217094,0,0,adult,danger
0.152535,0.100462,0.27814,0,0,adult,safe
0.221995,0.277485,0.419685,1,0,adult,danger
0.180748,0.115985,0.29793,0,1,child,safe
0.321837,0.094533,0.089339,1,0,elderly,danger
0.441824,0.281104,0.351193,0,0,child,safe
0.418093,0.931406,1.282851,0,0,elderly,safe
0.215058,1.011615,0.381181,0,0,adult,danger
0.181897,0.359399,0.054344,0,0,elderly,safe
0.841381,0.132676,0.36014,0,0,adult,warning
0.890431,1.124495,0.32634,0,0,child,danger
0.14858,0.314218,0.187508,0,0,adult,safe
0.237082,0.089485,0.112672,1,0,child,danger
0.2402,0.28873,0.383944,0,0,elderly,safe
0.119986,1.03865,0.08845,0,0,elderly,danger
0.163456,0.812609,0.219279,0,0,adult,warning
0.071579,0.894625,0.473006,0,0,elderly,warning
1.106428,0.127222,0.206691,0,1,adult,danger
0.864933,0.137813,0.076642,0,0,child,warning
0.896879,0.896804,0.210344,0,0,adult,danger
0.274659,0.120711,0.050909,0,0,adult,safe
1.52943,1.200888,0.824092,0,0,adult,danger
0.351576,0.344526,0.147392,0,0,child,safe
0.154828,0.241564,0.087345,0,1,adult,safe
1.79602,0.280659,0.321408,0,0,elderly,danger
0.233573,0.497084,0.106491,0,1,adult,safe
0.18822,0.30707,0.105678,0,1,child,safe
0.152153,0.25712,0.204984,0,0,adult,safe
0.171497,0.168176,0.272844,0,1,adult,safe
0.125327,0.081676,0.127164,0,1,adult,safe
0.853663,1.315036,0.943708,0,0,elderly,danger
0.119015,0.285326,0.084331,0,0,adult,safe
0.78308,0.934557,0.300348,0,0,child,warning
1.804375,0.1196,0.100574,1,0,child,danger
0.16819,0.165584,0.157406,0,0,elderly,safe
0.222027,0.243673,0.045004,0,1,adult,safe
0.295055,0.034025,0.287653,0,0,elderly,safe
0.976892,1.069354,0.315937,0,0,adult,danger
0.316228,0.324725,0.320574,0,0,elderly,safe
0.19073,0.068613,0.241381,0,0,elderly,safe
0.135796,0.465498,0.224676,0,0,child,safe
0.915079,0.755841,0.301138,0,0,elderly,warning
0.073167,0.080096,0.091575,0,1,adult,safe
0.0635,0.878037,0.372167,0,0,child,warning
0.910969,0.204509,0.205577,0,0,adult,warning
1.015471,0.380405,0.233121,0,0,adult,danger
0.361016,0.176515,0.045416,0,0,child,warning
0.147171,0.980388,0.121313,0,0,child,warning
0.102639,0.115022,0.185084,0,0,child,safe
0.294262,0.389236,0.135579,0,0,adult,safe
0.075374,0.189852,0.043755,0,0,adult,safe
0.155148,0.397312,0.243651,0,0,adult,safe
0.307924,0.220664,0.845555,0,0,child,warning
0.233213,0.296895,0.181516,0,0,adult,safe
0.144065,0.219593,0.099166,0,0,elderly,safe
0.110907,0.211633,0.128178,0,0,child,safe
0.773293,1.018371,0.117405,0,0,elderly,danger
0.321076,0.193632,1.273309,0,0,elderly,danger
0.478923,0.113216,0.110263,1,0,child,danger
0.220137,0.257802,0.366985,0,1,elderly,safe
0.233011,0.353159,0.32608,0,0,child,danger
0.426237,0.094272,0.327545,0,1,child,safe
0.046238,0.233338,0.182406,0,1,child,safe
0.307663,0.345122,0.113031,0,0,adult,warning
1.179503,0.15589,0.087892,0,0,child,danger
0.251703,0.390573,0.091069,1,0,child,danger
0.345634,0.162183,0.207185,1,0,adult,danger
0.162093,0.246225,0.229675,0,0,adult,safe
0.20811,1.498341,0.264303,0,1,child,danger
0.247769,0.279053,0.13615,0,1,adult,safe
1.569234,0.205409,0.030716,1,0,adult,danger
0.105125,0.130764,0.126095,0,0,adult,safe
0.325471,0.693803,0.227532,0,0,adult,safe
0.114638,0.08982,0.336198,0,0,elderly,safe
0.441209,0.097238,0.292882,0,0,child,safe
0.069905,0.25616,0.232716,1,0,adult,danger
0.844236,0.723563,0.2299,0,1,adult,danger
0.084757,0.275952,0.32498,0,0,elderly,safe
0.045511,0.32708,0.10663,0,0,elderly,safe
0.058054,0.147355,0.105194,0,0,child,safe
0.100243,0.424849,0.321026,0,0,adult,safe
0.251737,0.061883,0.126711,0,0,elderly,safe
0.944697,0.056033,0.130917,0,0,child,warning
1.172139,0.304811,0.311233,0,0,child,danger
0.758485,0.335136,0.241428,0,0,elderly,safe
0.325904,0.240257,0.89416,0,0,child,safe
0.898385,0.046519,0.119435,0,0,elderly,warning
0.203945,0.157764,0.192366,0,0,adult,safe
0.080407,0.753918,0.488082,0,0,child,safe
0.178353,1.569753,0.122857,0,0,elderly,danger
0.314452,0.247372,0.122498,0,0,elderly,safe
1.069944,0.251067,0.1598,0,0,adult,danger
0.994246,0.097883,0.101539,0,0,adult,danger
0.300437,0.357946,0.163289,0,0,child,safe
0.357459,0.344918,0.081752,0,0,adult,safe
0.373487,0.505343,0.209892,1,0,adult,danger
0.975951,0.182137,0.0863,0,1,child,danger
0.417344,0.811353,0.177142,0,1,adult,danger
0.289092,0.696159,0.160795,1,0,child,danger
0.195783,0.323646,0.24465,0,0,child,safe
0.203996,0.740556,0.900855,0,0,elderly,warning
0.387105,1.003305,0.275912,0,0,child,danger
0.072954,0.117932,0.176875,0,0,elderly,safe
1.126052,0.181399,0.310552,0,0,elderly,danger
0.211609,0.18814,0.259339,0,0,adult,safe
0.368266,0.171073,0.103179,0,1,child,safe
0.172392,0.219505,0.185663,1,1,child,danger
0.152449,0.94569,0.094072,0,0,elderly,warning
0.455724,0.184959,0.059689,0,0,child,safe
0.218109,0.171884,0.120321,0,0,child,safe
0.32615,0.713378,0.257341,0,0,adult,safe
0.036409,0.184831,0.125599,0,0,elderly,danger
1.035058,0.112702,0.33137,0,0,adult,danger
0.129834,0.460626,0.233516,0,0,adult,safe
0.173718,0.254134,0.332984,0,0,child,safe
0.034908,1.138829,0.107275,0,0,adult,danger
0.922106,0.200629,0.168925,0,0,elderly,warning
0.23175,0.074887,0.185648,0,0,elderly,safe
0.197365,0.194221,0.080992,0,0,adult,safe
0.094463,0.222017,0.083779,0,0,elderly,safe
0.132114,0.331305,0.183521,0,1,adult,safe
0.194218,0.193151,0.10665,0,0,adult,safe
0.892709,1.063524,0.288375,0,0,adult,danger
0.165831,0.197153,0.337668,0,0,child,safe
0.125225,0.182793,0.117246,0,0,adult,safe
0.865476,0.37985,0.097374,0,0,adult,safe
0.031078,0.287689,0.096038,0,1,adult,safe
0.053452,0.114636,0.275824,0,1,child,safe
0.322851,0.114517,0.173085,0,0,elderly,safe
0.418339,0.183462,0.244562,0,0,adult,safe
0.852941,0.19183,0.220803,0,1,adult,danger
0.14617,0.074474,1.051999,0,0,child,danger
0.334163,0.180716,0.035286,1,0,adult,danger
0.153654,1.122889,0.064254,0,1,child,danger
0.3442,0.171161,0.168537,0,1,adult,safe
1.163389,0.081802,0.047963,0,0,adult,warning
0.419231,0.286618,0.271548,0,1,adult,safe
0.175086,0.9457,0.180705,0,0,adult,warning
0.092108,0.194596,0.188237,0,0,elderly,safe
0.23848,0.079833,0.122772,0,0,child,safe
0.244492,0.176177,0.090713,0,0,elderly,safe
0.220222,0.146146,0.285972,0,0,elderly,warning
0.283344,0.170827,0.414036,0,0,adult,safe
0.205023,0.309481,0.235219,0,0,elderly,safe
0.277103,1.082711,0.115365,0,1,adult,danger
0.927456,0.413453,0.033953,0,0,adult,danger
0.904854,0.084722,0.11859,0,0,child,warning
0.064033,0.070009,0.21258,0,1,elderly,safe
0.19694,0.286066,0.328309,0,0,adult,safe
0.044221,0.14191,0.058003,0,0,elderly,safe
0.221736,0.425072,0.376149,0,0,adult,safe
0.232239,0.189224,0.061834,0,0,child,safe
0.9971,0.302575,0.130596,0,0,adult,warning
0.117692,0.2486,0.444601,0,0,adult,safe
0.271318,0.41619,0.458517,0,0,elderly,safe
0.206956,0.175639,0.161154,0,0,adult,safe
1.244161,0.088129,0.168898,0,1,elderly,danger
0.345651,1.000688,0.271389,0,1,adult,danger
1.618735,0.311715,0.224706,0,0,adult,danger
0.172051,0.090024,0.264793,0,0,adult,safe
0.735491,0.068044,0.381364,0,0,adult,danger
0.683816,0.390449,0.439145,1,0,adult,danger
0.313049,0.139226,0.067582,0,0,elderly,safe
0.369581,0.978261,0.303702,0,0,child,warning
0.210434,0.22706,0.086243,0,0,elderly,safe
0.110341,0.415631,0.291904,0,0,adult,safe
0.165603,1.305752,0.092715,0,0,adult,danger
0.972899,0.449499,0.163454,0,1,child,danger
0.072249,0.182074,0.253973,0,0,adult,safe
0.218234,0.146262,0.277655,0,0,adult,safe
0.062913,0.195277,0.250174,0,0,adult,safe
0.881367,0.282489,0.17289,0,1,elderly,danger
1.516377,0.330481,0.219691,0,0,child,danger
0.158787,0.293289,0.218168,1,0,elderly,danger
0.238226,0.237554,0.116028,0,1,elderly,safe
1.052025,0.0579,0.171885,0,0,adult,danger
0.213032,0.278769,0.072194,0,0,adult,safe
0.237618,0.166341,0.159259,0,0,adult,safe
0.055523,0.118341,0.264617,0,0,elderly,safe
0.237297,1.23425,0.106062,0,0,elderly,danger
0.301853,0.283377,1.124268,0,0,adult,danger
1.214319,0.33612,0.113837,0,0,adult,danger
0.775292,0.216525,0.134546,1,1,adult,safe
0.298808,0.037359,0.89996,0,0,elderly,warning
0.08451,1.014828,0.147144,0,0,elderly,danger
0.06482,0.125438,0.330356,0,0,adult,safe
0.108254,0.245374,0.295103,0,0,adult,safe
0.092023,0.169215,0.158202,0,0,adult,safe
0.954726,0.317148,0.189105,0,1,adult,danger
0.314572,0.173872,0.207915,0,0,elderly,safe
0.38055,1.551135,0.188391,0,0,adult,danger
0.978562,0.180711,0.429417,0,0,adult,warning
0.097508,0.761023,0.407036,0,0,child,safe
0.176408,0.885996,0.077168,0,0,elderly,warning
0.243643,0.081134,0.136195,0,1,adult,warning
0.400391,0.184798,0.084453,0,0,adult,danger
0.149568,0.293518,0.133015,0,1,adult,safe
0.133885,0.330933,0.15657,0,1,elderly,safe
0.116627,0.074569,0.155206,1,1,adult,danger
0.140331,0.083967,0.347281,0,1,adult,safe
0.170818,0.162157,0.194648,0,0,child,safe
0.377984,0.147836,0.106475,0,0,adult,safe
0.197357,0.256204,0.197171,0,0,adult,safe
1.182826,0.693479,0.242008,0,1,elderly,danger
0.149302,0.190601,0.126335,0,0,adult,safe
0.13348,0.138983,0.176735,0,0,adult,safe
1.024721,0.163644,0.392423,0,0,adult,danger
0.313713,0.048576,0.324839,0,0,elderly,warning
0.206969,1.038799,0.216519,0,0,elderly,danger
0.063119,0.190376,0.133346,0,0,elderly,safe
0.312281,0.153242,0.172754,0,0,adult,safe
0.326775,0.178895,0.100914,0,0,elderly,safe
0.809701,0.096701,0.246394,0,0,elderly,warning
0.108894,0.343585,0.324137,0,0,adult,warning
0.869998,0.203282,0.199909,1,0,adult,danger
0.243518,0.182568,0.204572,0,0,adult,safe
0.305199,0.228158,0.17438,0,0,adult,safe
0.280964,0.050385,0.248216,0,0,adult,safe
0.052903,1.243694,0.35175,0,1,adult,danger
0.386614,0.866985,0.112989,0,0,elderly,warning
0.338994,1.056427,0.514059,0,1,child,danger
0.144955,0.237096,0.216109,0,0,elderly,safe
0.154757,0.231943,0.273948,1,0,elderly,danger
0.27125,0.988545,0.234374,0,1,adult,danger
0.914694,0.220996,0.215839,0,0,elderly,warning
0.287137,0.339486,0.26148,0,0,child,safe
0.363405,0.080423,0.242319,0,0,child,safe
0.300536,0.056085,0.446461,0,0,elderly,safe
0.297756,0.039618,0.085837,0,0,adult,safe
0.135612,0.259867,0.332994,0,0,adult,safe
0.146508,0.277691,0.166926,0,0,elderly,safe
0.194504,0.251084,0.16946,0,0,adult,safe
0.056818,0.073255,0.122753,1,0,adult,danger
0.07422,0.237057,0.345963,0,1,elderly,safe
0.685375,0.136863,0.198249,0,0,adult,safe
0.053514,0.208859,0.918281,1,0,adult,danger
0.796619,0.058056,0.516573,0,0,child,safe
0.988448,0.987917,0.185408,0,0,child,warning
0.461894,0.443354,1.234979,0,1,adult,danger
0.832097,1.783223,0.214997,0,0,adult,danger
0.105507,0.265522,0.054672,0,0,adult,safe
0.27461,0.426045,0.252525,0,1,elderly,safe
1.08058,0.149786,0.146492,1,0,child,danger
0.120175,0.163677,0.16488,1,1,adult,danger
0.077505,1.210179,0.237897,0,1,adult,danger
0.198966,0.230158,0.215536,0,0,child,safe
0.851301,0.176016,0.11468,0,0,child,warning
0.131921,0.16047,0.240182,0,0,elderly,safe
0.325321,0.090933,0.172588,0,0,adult,safe
0.250148,0.075698,0.134143,0,0,child,safe
0.123492,0.146088,0.23685,0,0,elderly,safe
0.225452,0.179764,0.351343,0,0,elderly,safe
0.111435,1.121918,0.065826,0,0,elderly,danger
0.291043,0.054444,0.433879,0,0,adult,safe
0.797895,0.365721,0.294865,0,0,child,safe
0.318704,0.355043,0.082422,0,0,child,safe
0.065479,0.056949,0.225786,0,0,elderly,safe
0.952576,0.10013,0.425572,0,0,adult,warning
0.095331,0.385204,0.126048,0,0,adult,safe
1.776604,0.924451,1.105576,0,0,child,danger
1.197734,0.265384,0.137758,0,1,adult,danger
0.176104,0.137855,0.236805,0,0,child,safe
0.218673,0.152804,0.1493,0,1,elderly,safe
0.988538,0.149059,0.039899,0,0,adult,warning
0.336823,0.117394,0.177566,0,0,adult,safe
0.22092,0.871835,0.043665,0,1,adult,danger
0.132995,0.086745,1.854972,0,1,elderly,danger
0.223471,0.36292,0.077895,0,0,child,safe
0.215588,0.417882,0.388656,0,0,adult,safe
0.827894,0.187621,0.234392,0,1,elderly,danger
1.155651,0.113872,0.232265,0,0,elderly,danger
0.867605,0.11512,0.0337,0,0,adult,warning
0.361766,0.399904,0.236296,0,0,adult,safe
0.358456,0.273205,0.249054,0,0,adult,safe
0.188291,0.353696,0.261246,0,1,elderly,safe
0.181739,0.223471,0.187773,0,0,child,safe
0.26829,1.154921,0.203595,0,0,elderly,danger
0.164634,0.330292,0.141171,0,0,child,safe
1.143767,0.209981,0.205293,0,1,adult,danger
0.418397,0.94674,0.097579,1,0,elderly,danger
0.260857,0.922636,0.109982,0,0,adult,warning
0.390757,0.178794,0.085022,1,0,adult,danger
1.175355,0.123586,0.529369,0,1,child,danger
1.082877,0.283322,0.217285,1,0,adult,danger
0.212319,0.752621,0.171304,0,1,adult,danger
0.276346,0.18308,0.238923,0,0,adult,safe
0.167634,0.171702,0.098869,0,0,adult,safe
0.113125,1.65256,0.435075,0,0,elderly,danger
0.069612,0.234896,0.108853,0,0,adult,safe
0.217493,0.060121,0.896613,0,0,elderly,warning
0.072367,0.267244,0.165808,0,1,adult,safe
0.282669,0.139237,1.099445,0,0,elderly,danger
0.141247,1.56087,0.076004,0,0,adult,danger
0.105888,0.379304,0.127805,0,0,adult,safe
0.43663,1.131121,0.274044,0,0,elderly,danger
0.105642,0.282223,0.310292,0,0,adult,safe
1.115502,0.777835,0.203892,0,1,child,danger
0.168727,0.086935,0.230147,0,0,adult,safe
0.170654,0.256592,0.155824,0,0,adult,safe
0.887622,0.077747,0.163748,0,1,adult,danger
0.766152,0.078441,0.382125,0,0,child,safe
0.178918,0.109892,0.17924,0,0,adult,safe
0.863647,0.254002,0.114696,0,1,child,danger
0.271684,0.375461,0.198007,0,0,child,safe
0.166664,0.291196,0.389736,0,1,child,safe
0.139312,0.207039,0.207214,0,0,adult,safe
1.086059,0.177545,0.058515,0,0,adult,danger
0.08147,0.93894,0.14248,0,0,adult,warning
0.22344,1.707207,0.273465,0,0,adult,danger
0.848736,0.309863,0.121389,0,0,adult,warning
1.094917,0.388746,0.326661,0,0,child,danger
0.075112,0.38405,0.228111,0,0,adult,safe
0.244982,0.165153,0.293812,0,1,elderly,safe
0.840568,0.135298,0.453504,0,0,adult,warning
0.88291,0.338362,0.120265,0,1,adult,danger
0.122783,0.197816,0.441873,0,0,elderly,safe
0.201324,0.213128,0.209926,0,0,elderly,safe
0.241847,0.209312,0.189015,0,0,child,safe
0.162768,0.056668,0.11628,0,0,adult,safe
0.859592,0.080497,0.205982,0,0,adult,safe
0.289214,0.519853,0.236839,0,0,elderly,safe
0.087706,0.170047,0.119571,0,0,elderly,safe
0.202084,0.32028,0.326129,0,0,adult,safe
0.755851,0.354369,0.19114,0,0,adult,safe
0.263971,0.217886,0.138314,0,0,elderly,safe
0.129186,1.512619,0.095075,0,0,adult,danger
0.154519,0.167779,0.147197,0,0,elderly,safe
0.069414,1.084051,0.230833,0,0,child,warning
0.167905,0.367534,0.095386,0,1,elderly,safe
0.263412,0.186565,0.257099,0,0,adult,safe
0.253804,0.349522,0.066855,0,0,elderly,safe
0.099118,0.826266,0.254399,0,0,adult,warning
0.255004,0.198307,0.470688,0,0,child,safe
0.208261,0.350275,0.215729,0,0,child,safe
1.007333,1.545422,0.085803,0,0,adult,danger
1.307907,0.162929,0.278503,0,0,adult,danger
0.284965,0.143822,0.217497,0,0,elderly,safe
0.142599,0.396386,1.242601,0,1,adult,danger
0.314746,0.118754,0.281163,0,0,child,safe
0.102752,0.239159,0.361926,1,1,elderly,danger
0.198691,0.380649,0.478207,0,1,child,safe
0.102394,0.269497,1.390718,0,0,adult,danger
0.400615,0.805819,0.382523,0,0,adult,warning
0.122472,0.465077,0.190528,0,0,adult,warning
0.358705,0.135095,0.176456,0,1,adult,safe
0.219113,0.037423,0.193516,0,1,elderly,safe
0.103034,0.136446,0.328662,0,0,elderly,safe
0.8023,0.16163,0.178204,0,0,elderly,warning
0.909101,0.47615,0.274836,0,0,elderly,warning
0.126846,0.307714,0.097674,0,0,elderly,safe
0.18105,0.251147,0.252563,1,0,adult,danger
0.846345,0.284581,1.440021,0,1,adult,danger
1.065629,1.277361,0.172185,0,0,adult,danger
0.212428,0.517856,0.132029,0,0,adult,safe
0.186033,0.128125,0.171423,0,0,child,safe
0.118148,0.882275,0.745174,1,0,elderly,danger
0.129954,0.205966,0.131655,0,0,adult,safe
0.174624,0.025521,0.137804,0,0,elderly,safe
0.073803,0.166484,0.206778,0,0,adult,safe
0.266946,0.132809,1.017508,0,0,child,danger
0.237098,0.217819,0.074674,0,0,adult,safe
0.177102,0.206578,0.26134,0,0,adult,safe
0.223006,0.179769,0.280792,0,0,child,safe
0.233961,0.065919,0.314511,0,1,adult,safe
0.886421,0.129971,0.264184,0,0,elderly,warning
1.147041,0.334742,0.045238,1,0,child,danger
0.769715,0.171446,0.21592,0,1,elderly,danger
0.103316,0.172133,1.32256,0,0,elderly,danger
1.098465,0.146242,0.155647,0,0,elderly,danger
0.229451,0.137425,0.164199,0,1,elderly,safe
0.20819,0.367498,0.115896,0,0,adult,safe
0.034978,0.731503,0.067325,0,1,child,danger
0.212108,0.14164,0.056987,0,1,adult,safe
0.35932,0.077333,0.199652,0,1,child,safe
0.068272,0.275169,0.196613,0,1,elderly,safe
0.690262,0.15408,1.104139,0,0,child,danger
0.08191,0.148669,0.064839,1,0,adult,warning
0.12508,0.038386,0.162404,0,0,elderly,safe
0.220086,0.128872,0.16781,0,0,adult,safe
0.254287,0.201647,0.343505,0,0,adult,safe
0.125364,1.077443,0.395302,0,0,elderly,danger
1.000003,0.361946,0.187774,0,1,adult,danger
0.11601,0.905311,0.293766,0,0,child,warning
0.401474,0.148469,0.332338,0,0,child,safe
0.151917,0.244408,0.314866,0,1,adult,safe
1.086717,0.146479,0.165207,0,0,adult,danger
0.443269,0.050944,0.208236,0,0,adult,safe
0.131838,0.170248,0.134005,0,0,adult,safe
0.297994,0.051333,0.075401,0,0,adult,safe
0.900612,0.386638,0.347354,0,0,adult,warning
0.346968,0.837182,1.008679,0,0,adult,danger
0.439049,0.136675,0.348347,0,0,adult,warning
0.76229,1.543072,0.190732,0,0,adult,danger
0.391274,0.126678,0.02679,0,1,elderly,safe
0.835891,1.843433,0.145907,0,0,elderly,danger
0.68503,0.310617,0.293869,0,0,child,safe
0.879948,0.227603,0.08168,0,0,adult,warning
0.077706,0.139431,0.254157,0,0,elderly,safe
0.153298,0.119576,0.255356,0,0,elderly,safe
0.300007,0.179769,0.310255,0,0,elderly,safe
0.125169,1.259538,0.295504,0,1,child,danger
0.232485,0.145555,0.085198,0,0,elderly,safe
0.299931,1.010376,0.329023,0,0,elderly,safe
0.167062,0.708021,0.37266,0,0,child,safe
0.159278,1.186249,0.383257,0,0,elderly,safe
0.211988,0.477435,0.148576,0,0,elderly,safe
0.246299,0.190447,0.104027,0,1,adult,safe
0.784023,0.310883,0.141825,0,0,elderly,safe
0.093693,0.064315,0.036502,0,0,adult,safe
0.188463,0.120511,0.225821,0,0,adult,safe
0.160733,0.319512,0.132663,0,0,child,safe
0.2323,0.102204,0.227902,0,0,adult,safe
0.129357,0.146839,0.262881,0,0,elderly,safe
0.318698,0.172542,0.208832,0,0,child,safe
0.189079,0.361106,0.163239,0,0,adult,safe
0.746573,0.306012,0.116474,0,0,elderly,safe
0.171727,0.179453,0.399311,0,0,child,safe
0.055761,0.088633,0.131813,0,0,elderly,safe
0.261835,1.01627,0.153693,0,0,child,danger
0.800947,0.196583,0.442074,0,1,elderly,danger
1.842632,1.124205,0.218522,0,0,adult,danger
0.893765,0.287927,0.104419,0,0,child,warning
0.340599,0.191005,0.095803,0,0,adult,safe
0.289083,0.334496,0.167967,0,0,adult,safe
0.110763,0.068978,0.082649,0,0,adult,safe
0.086947,0.319799,0.276631,0,0,adult,safe
1.084656,0.028118,0.148857,0,1,adult,danger
0.125026,0.224304,0.090361,1,0,elderly,danger
0.223873,0.283834,0.076406,0,0,child,safe
0.186398,0.376367,0.202985,0,0,elderly,safe
1.62255,0.198422,0.207461,0,1,child,danger
0.198298,0.467125,0.404686,0,1,adult,safe
0.388498,0.29951,0.269944,0,0,adult,safe
0.327645,0.388378,0.370119,0,0,elderly,safe
0.250083,0.053143,0.362405,0,0,adult,safe
0.1506,0.140876,0.239597,0,1,adult,safe
0.247993,0.156122,0.302493,0,1,elderly,safe
0.434476,0.159642,0.223437,0,1,adult,safe
0.227341,0.091737,0.044757,0,0,child,safe
0.271921,0.122922,0.167104,0,1,adult,safe
0.927039,0.195812,0.138986,0,0,adult,warning
0.055029,0.346901,0.220454,0,0,child,safe
0.739075,1.318293,0.137632,0,0,elderly,danger
0.057765,0.217785,0.100141,0,0,elderly,safe
0.159179,0.149752,0.427406,0,0,adult,safe
0.094119,0.300062,0.454496,0,0,child,safe
0.285168,0.713725,0.286988,0,0,elderly,warning
0.104697,0.397893,0.109192,0,1,elderly,safe
0.388541,0.042111,0.193342,0,0,adult,safe
0.177679,0.33623,0.0651,0,0,adult,safe
0.920654,0.460542,0.282784,0,0,adult,warning
0.995095,0.214693,0.113672,0,1,child,danger
0.134493,0.117621,0.356764,0,0,child,safe
0.200715,1.095357,0.214898,0,0,adult,danger
0.207863,0.281005,0.249286,0,0,adult,safe
0.18846,0.461741,0.271377,0,0,elderly,safe
0.180309,0.814254,0.226693,0,0,child,warning
0.20199,0.088703,0.425995,0,0,adult,safe
0.452731,0.057546,0.104947,0,0,adult,safe
0.352551,0.327076,0.257091,1,0,adult,danger
1.321598,0.067412,0.161816,0,0,adult,danger
0.195741,0.151406,0.171329,0,0,child,safe
0.263985,0.796505,0.132672,0,0,child,safe
0.243595,0.23731,0.197552,0,0,adult,safe
0.240673,0.034129,0.105979,0,0,adult,safe
0.484955,0.048576,0.21242,0,0,adult,safe
0.367868,0.277354,0.096655,0,0,adult,safe
0.089812,0.066779,0.234684,0,1,elderly,safe
0.264588,0.277438,0.201324,0,0,elderly,safe
0.03991,0.068776,0.349943,0,1,adult,safe
0.305556,0.234601,0.23037,0,0,elderly,safe
1.09025,0.245815,0.191838,0,0,child,danger
0.754398,0.074565,0.279149,0,0,elderly,safe
0.058004,0.224811,0.143157,0,1,adult,safe
0.141811,0.888796,0.08314,0,1,adult,danger
0.292588,0.488398,0.090476,0,0,adult,safe
0.898492,0.892459,0.145381,0,0,child,warning
0.133064,0.080692,0.102351,0,1,elderly,safe
0.274147,0.247081,0.171045,0,0,adult,safe
1.442539,1.200574,0.246673,0,0,elderly,danger
0.215981,0.092497,0.084981,0,0,adult,safe
1.62932,0.795633,0.210201,0,0,adult,danger
0.455796,0.185137,0.146342,1,0,adult,danger
0.14353,0.136331,0.176764,0,1,child,warning
0.091576,0.21379,0.277861,0,0,adult,safe
0.369759,0.275398,0.118629,0,0,child,safe
0.331269,0.502784,0.117414,0,0,elderly,warning
1.027192,0.131863,0.20862,0,0,elderly,danger
0.209566,0.301402,0.977347,0,0,adult,warning
0.951047,0.247184,0.169464,0,0,child,warning
0.057078,0.415324,0.3614,0,1,adult,safe
0.173074,1.100212,0.188309,0,1,elderly,danger
0.152847,1.004679,0.137025,0,1,child,danger
0.039396,1.530034,0.079502,0,0,elderly,danger
0.205773,0.231447,0.265959,0,0,adult,safe
0.242257,0.078774,0.176557,0,0,adult,safe
0.231777,0.171844,0.053813,0,0,elderly,safe
0.381966,0.28824,0.176753,0,1,elderly,safe
0.112413,0.095308,0.226671,0,0,adult,safe
0.226872,0.285602,0.129876,0,0,child,safe
0.25742,0.300698,0.202926,0,0,adult,safe
0.239309,0.056008,0.034883,0,1,adult,safe
0.100205,0.07476,0.231053,0,0,elderly,safe
0.399671,0.135128,0.201004,0,0,adult,safe
0.034993,0.113862,0.226037,0,0,elderly,safe
1.057366,0.161353,0.239023,0,1,elderly,danger
0.021566,0.857343,0.182951,0,0,adult,warning
0.094362,0.308434,0.226375,0,0,elderly,safe
0.340453,0.056748,0.144467,0,0,adult,warning
0.039162,0.224004,0.370726,0,0,child,safe
0.340149,0.971463,0.080378,0,0,adult,warning
0.704487,0.059908,0.237459,0,0,adult,safe
0.126918,0.05564,0.257023,0,0,child,safe
1.094844,0.212627,0.068534,0,0,adult,danger
0.265664,0.033184,0.294359,0,0,adult,safe
0.294424,0.068296,0.153048,0,0,adult,safe
1.184157,0.246367,0.243891,0,0,elderly,danger
0.10895,0.136567,0.164467,0,0,adult,safe
0.992536,0.247475,0.255602,0,0,adult,warning
0.170324,0.078995,0.124447,0,1,elderly,safe
0.034645,0.229469,0.177596,0,0,adult,safe
0.270599,0.089552,0.523616,0,1,child,safe
0.253201,0.102109,0.344386,0,0,elderly,safe
1.192418,0.049785,0.34809,0,1,adult,danger
0.270333,1.060228,0.170834,0,0,elderly,danger
1.235234,1.266765,0.15855,0,1,elderly,danger
0.211331,0.127974,0.234142,0,0,adult,safe
0.2405,0.935138,0.395766,0,0,adult,warning
0.232977,0.083845,0.167961,0,1,child,safe
0.262628,0.059797,0.213976,0,1,child,safe
1.302462,0.402513,0.18393,0,0,child,danger
0.069493,0.231364,0.305056,0,0,elderly,safe
0.097602,0.359821,1.745854,0,0,adult,danger
0.149541,0.362032,0.231803,0,1,adult,safe
0.158556,0.094218,0.176521,0,0,elderly,safe
0.154287,0.086071,0.278399,0,0,adult,safe
0.281434,0.116907,0.32386,1,0,adult,danger
0.863036,0.257945,0.127372,0,0,adult,warning
0.263431,0.07894,0.105403,0,0,elderly,safe
0.360598,0.387861,0.096264,0,0,adult,safe
0.928461,1.049724,0.399165,0,0,adult,danger
0.374863,1.073913,0.2799,0,0,child,danger
0.360338,0.141709,0.225399,0,1,child,safe
0.165723,0.242901,1.343717,1,0,elderly,danger
0.302225,0.259698,0.248338,0,0,elderly,safe
0.243136,1.142133,0.250187,0,1,adult,danger
0.168317,0.080944,0.202308,0,0,adult,safe
0.08414,0.107754,1.333189,0,0,adult,danger
1.146751,0.280464,0.26454,0,1,child,danger
0.107786,0.317917,0.085771,0,0,child,safe
0.044014,0.114704,0.212459,0,0,child,safe
0.10663,0.132648,0.069439,0,0,elderly,safe
0.141223,0.200547,0.166242,0,0,adult,safe
0.20743,0.259733,0.147912,0,0,adult,safe
0.067286,0.379939,0.327477,0,0,adult,safe
0.983335,0.232599,0.124605,0,0,adult,warning
0.060612,1.22496,0.227018,0,1,adult,danger
0.481197,0.361798,0.119577,0,0,elderly,safe
0.118927,1.032555,0.165946,0,0,adult,danger
0.356863,0.453286,0.214631,0,0,adult,safe
0.040111,0.235696,0.252441,0,0,child,safe
0.190024,0.043294,0.304986,0,0,elderly,safe
0.063551,0.84355,1.510785,0,0,child,danger
0.367301,0.132659,0.270527,0,0,child,safe
0.077043,0.116848,0.175312,0,0,child,warning
0.246284,0.172751,0.103757,0,0,elderly,safe
0.904848,0.089711,0.205948,0,0,adult,warning
0.149093,0.225675,0.339301,0,1,elderly,safe
0.226286,0.130044,0.258112,0,0,adult,safe
0.166836,0.190942,0.149022,0,0,elderly,safe
0.196543,0.398465,0.334084,0,0,adult,safe
0.203433,0.154219,0.195994,0,0,adult,safe
0.79665,0.95123,0.047849,0,0,adult,warning
0.179232,0.145583,0.17913,0,0,adult,safe
0.278399,0.292976,0.278091,0,0,elderly,safe
0.367175,0.206884,0.232702,0,1,adult,safe
0.160515,0.439708,0.039546,0,0,adult,safe
0.943706,0.159434,0.305789,0,0,elderly,warning
0.322979,0.521586,0.353904,0,0,child,danger
0.21509,0.351386,0.305527,0,0,adult,safe
0.337287,0.275658,0.106128,0,0,adult,safe
0.413944,0.240583,0.182867,0,0,adult,warning
0.360974,1.209597,0.234582,0,1,adult,danger
0.17229,0.384688,0.076237,0,0,adult,safe
0.388687,0.451344,0.080739,0,0,child,safe
0.153685,0.121216,0.271982,0,0,adult,warning
0.049141,0.85744,0.231473,0,0,adult,warning
0.264326,0.233953,0.249496,0,0,adult,safe
0.918433,0.216908,0.212283,0,0,child,warning
0.038571,0.121006,0.305322,0,0,child,safe
1.021951,0.390109,0.096299,0,0,child,danger
0.703043,0.945864,0.11519,0,0,elderly,warning
0.119576,0.385537,0.199818,0,0,elderly,safe
0.169899,0.304767,0.17301,0,1,adult,safe
0.230398,0.357757,0.516961,0,0,adult,safe
1.05296,1.012535,0.15468,0,0,adult,danger
0.41621,0.204882,0.226958,0,1,child,safe
0.255565,0.099934,0.174744,0,0,child,safe
0.191753,0.025836,0.25039,0,0,adult,safe
0.82526,0.182189,0.298312,0,0,adult,warning
0.923772,0.208624,0.312546,0,0,child,warning
1.154366,0.939573,0.286201,0,0,adult,danger
0.098084,0.74337,0.108095,0,0,elderly,safe
0.222492,0.174894,0.213294,0,0,adult,safe
0.355324,0.144677,0.120363,0,0,adult,safe
0.190555,0.338019,0.220087,0,0,adult,safe
0.039213,0.220166,0.293059,0,1,adult,safe
1.040146,0.38672,0.129424,0,0,adult,danger
1.149546,0.303102,0.102423,1,0,elderly,danger
1.006117,0.100478,0.064314,0,0,adult,danger
0.121825,0.279346,0.203146,0,0,adult,safe
0.161066,0.166316,0.097414,0,0,adult,safe
0.29063,0.136175,0.332423,0,0,elderly,safe
0.092874,0.308858,0.33961,0,0,adult,safe
0.213499,1.215245,1.117436,0,0,adult,warning
0.406108,0.179269,0.393824,0,0,elderly,safe
0.264808,0.356716,0.104444,0,0,adult,safe
1.112113,0.329581,0.134641,0,0,adult,danger
0.584051,0.242942,0.250132,0,0,elderly,warning
0.811829,0.746947,0.218678,0,0,adult,warning
0.356607,0.175661,0.347634,0,0,elderly,safe
0.925608,0.496702,0.31746,0,1,elderly,danger
0.207099,1.102578,0.222023,1,0,adult,danger
0.188862,1.005678,0.216149,0,0,adult,danger
0.26304,0.255437,0.360924,0,0,elderly,safe
0.203653,0.060279,0.247715,0,0,elderly,safe
0.947066,0.17735,0.041806,0,0,adult,warning
0.119394,0.089302,0.292313,0,0,adult,safe
0.171198,0.222464,0.127201,0,0,child,safe
0.190853,0.188425,0.438644,0,0,adult,safe
0.255789,0.29637,0.310801,0,0,adult,safe
0.168704,0.179885,0.336877,0,0,elderly,safe
1.050562,0.14895,0.113787,0,0,elderly,danger
0.190086,0.059985,0.167713,0,0,adult,safe
0.917702,0.974148,0.112051,0,0,child,warning
0.155236,0.280081,0.243004,0,0,child,safe
0.061108,0.380266,0.085201,0,0,elderly,safe
0.142408,0.153513,0.070217,0,0,child,safe
0.313968,0.245235,0.132542,0,0,child,danger
0.144971,0.102053,0.401778,0,1,adult,safe
0.983559,0.291424,0.085999,0,0,child,warning
0.099112,0.214504,0.307937,0,0,child,safe
0.79479,0.50862,0.203345,0,0,adult,safe
0.242698,0.070228,0.081934,0,0,adult,safe
0.212176,0.127208,0.093854,0,0,child,safe
1.267019,1.13864,0.201617,0,0,adult,danger
0.911705,0.950542,0.08398,0,0,child,warning
0.39262,1.513347,0.203869,0,0,adult,danger
0.269255,0.871981,0.249812,0,1,elderly,danger
0.212852,0.269379,0.43427,0,0,adult,safe
0.178583,0.199842,0.194688,0,0,child,safe
0.130787,0.239162,0.143276,0,0,child,safe
0.355818,0.765318,0.132956,0,1,adult,danger
0.228807,0.190137,0.322462,0,0,elderly,safe
0.140779,0.354915,0.099807,0,0,adult,safe
1.019684,0.174574,0.038641,0,0,elderly,danger
0.71002,1.483826,0.331783,0,0,adult,danger
0.176741,0.079759,0.120317,0,0,adult,safe
0.15706,0.151327,0.90687,0,0,adult,warning
0.328136,0.90809,0.108987,0,1,child,danger
0.051403,0.078799,0.083126,0,0,adult,safe
0.054784,0.159023,1.396739,0,0,elderly,danger
0.213449,0.260207,0.252978,0,0,adult,safe
0.148763,0.278834,0.135892,0,0,adult,danger
0.087748,0.14571,0.228894,0,0,adult,safe
0.157845,0.439019,0.203282,0,1,child,safe
0.387364,1.483444,0.268788,0,0,child,danger
0.35106,0.15687,0.446429,0,0,child,safe
0.077675,0.932153,0.249867,0,1,child,danger
1.244512,0.159292,0.179643,0,0,adult,danger
0.141371,0.891156,0.099709,0,0,elderly,warning
0.058494,0.159993,0.464088,0,0,adult,safe
1.112497,0.261453,0.298771,0,1,elderly,danger
0.145138,0.270613,0.192291,0,0,adult,safe
0.85915,0.708325,0.197985,1,0,adult,danger
0.844082,0.233091,0.18903,0,0,adult,warning
0.399013,0.201701,0.1944,0,0,child,safe
0.059066,0.376323,0.296278,0,0,adult,safe
0.205359,0.115332,0.383738,0,1,elderly,safe
0.155991,0.243605,0.136185,0,0,child,safe
0.354693,0.378356,0.252137,0,0,adult,safe
0.151204,0.186897,0.202067,0,0,adult,safe
0.319797,0.213579,0.128805,0,0,child,safe
0.065703,0.216473,0.24614,0,0,child,safe
1.049231,0.128553,0.314461,0,0,elderly,danger
0.091749,0.106348,0.234785,0,1,adult,safe
0.237019,1.050617,0.094589,0,0,elderly,danger
0.078806,0.136667,0.186158,0,1,adult,safe
0.1865,0.043706,0.076347,0,0,elderly,safe
0.101588,0.375126,0.247835,0,0,elderly,safe
0.127032,0.269149,0.19166,0,1,adult,safe
0.21457,0.280402,0.132803,0,1,adult,safe
0.204679,0.362081,0.103119,0,0,adult,safe
0.174959,0.154457,0.113094,1,0,adult,danger
0.2688,0.115374,0.142073,0,0,adult,safe
1.709838,0.514738,0.178939,0,0,elderly,danger
0.295449,1.112557,0.1633,0,0,child,danger
0.209216,0.246102,0.222223,0,0,adult,safe
0.818108,0.186156,0.10738,0,0,elderly,danger
0.283372,0.261147,0.108852,0,0,adult,safe
0.195794,0.297064,0.354278,0,0,adult,safe
0.08354,0.288251,0.192323,0,0,elderly,danger
1.213426,0.966046,0.225034,0,0,adult,danger
0.223988,0.083262,0.22823,0,0,adult,safe
0.388617,1.030069,0.157243,0,1,adult,danger
0.333528,0.084879,0.101233,0,1,adult,safe
0.287255,0.242177,0.327867,0,0,adult,safe
0.182347,0.224123,0.057164,0,1,elderly,safe
0.183029,0.18286,1.127676,0,0,adult,danger
0.282734,0.310797,0.189037,0,1,child,safe
0.227104,0.228288,0.234084,0,0,elderly,safe
0.212388,0.983742,0.164758,0,0,child,warning
0.202117,0.072661,0.51358,0,0,adult,safe
0.274752,0.20968,0.110588,0,0,child,warning
0.785662,0.85508,0.071105,0,0,adult,danger
0.22268,0.065217,0.143077,0,0,adult,safe
0.209816,0.266615,0.255235,0,0,elderly,safe
0.396691,0.245804,0.193015,0,0,adult,safe
0.109092,0.127566,0.178145,0,0,elderly,safe
0.178474,0.372878,0.233802,0,0,adult,safe
0.262007,0.239991,0.836403,0,0,child,warning
0.1462,0.117858,0.246783,0,0,child,safe
0.145772,0.155123,0.200964,0,0,child,safe
0.063211,0.186155,0.059823,0,1,child,safe
0.129638,1.716013,0.244508,0,0,child,danger
0.107959,0.406546,0.160903,0,0,elderly,safe
0.116848,0.330057,0.190928,0,0,adult,safe
0.199255,0.298859,0.139454,0,0,child,safe
0.262445,0.968646,0.120652,0,1,adult,danger
0.293441,0.373887,0.21046,0,0,child,safe
0.953217,0.287227,1.274209,0,0,child,danger
0.234148,0.075608,0.166172,0,1,elderly,safe
0.168346,0.918318,0.182493,0,0,adult,warning
0.141375,0.224006,0.311687,1,1,elderly,safe
0.124965,0.094659,0.190775,0,1,elderly,safe
1.021466,0.104844,0.26806,0,0,adult,danger
0.21803,0.085174,0.241891,0,0,adult,warning
0.910654,0.274652,0.110635,0,0,child,warning
0.24813,0.272263,0.236283,0,0,elderly,safe
0.21969,1.107132,0.115818,0,0,adult,danger
0.18177,0.212829,0.182601,0,1,child,safe
0.802126,0.199446,0.218175,0,0,child,warning
0.194147,0.058655,0.429146,0,0,adult,safe
0.111159,0.204672,0.139236,0,0,adult,warning
0.158568,0.117586,0.133211,0,0,adult,safe
0.098966,0.406044,0.349927,0,0,elderly,safe
0.25823,0.084881,0.13097,1,0,adult,danger
0.173853,0.269779,0.255682,0,0,adult,safe
0.113035,0.107715,1.139621,0,0,adult,danger
0.127227,0.229536,0.088769,1,1,elderly,danger
0.15343,0.052679,0.265633,0,0,adult,safe
0.227576,0.053164,0.067523,0,0,child,safe
0.259253,0.305833,0.225415,0,0,adult,safe
0.276921,0.224134,0.2083,0,0,adult,safe
0.14778,0.068423,0.223906,0,0,adult,safe
0.369084,0.850969,0.170853,0,0,adult,warning
0.226529,0.346111,0.147125,0,1,elderly,safe
0.058016,0.268379,0.26867,0,0,child,safe
0.130226,0.380233,0.334415,0,0,adult,safe
0.184699,0.245974,0.376305,0,0,adult,safe
0.126315,0.3401,0.154927,0,0,child,safe
0.0666,0.234133,0.154196,0,0,child,safe
1.275532,0.993374,0.310328,0,0,adult,danger
0.23308,0.101326,0.166814,0,0,elderly,safe
0.338265,0.359801,0.275596,0,0,adult,safe
0.115647,0.761421,0.08912,0,1,child,danger
0.866365,0.067949,0.128587,0,0,adult,warning
0.07289,0.108414,0.297088,0,1,adult,safe
0.423145,0.198634,0.194002,0,0,child,danger
0.1127,0.165027,0.168785,0,0,adult,safe
0.071411,0.182874,0.215709,0,0,adult,safe
0.148252,0.368221,0.272054,0,0,child,safe
0.221323,0.847214,0.11361,0,0,elderly,warning
0.272412,0.333873,0.323744,0,1,child,safe
1.065424,0.268408,0.190564,0,0,elderly,danger
0.217368,0.050292,1.182335,1,0,child,danger
1.108791,0.701589,0.087967,0,0,adult,danger
1.000697,0.036504,0.183502,0,0,child,safe
0.307465,0.905019,0.313743,0,1,elderly,danger
0.282221,1.054143,0.087253,0,0,adult,danger
0.187262,0.13494,0.181479,0,1,adult,safe
0.194913,0.881065,0.437021,0,0,adult,warning
0.148708,1.637951,0.404494,0,0,elderly,danger
0.745633,0.085635,0.153343,0,0,elderly,safe
0.119692,0.191636,0.38134,0,0,adult,safe
0.228389,0.316648,0.045442,0,0,adult,safe
0.959893,0.107052,0.254987,0,0,elderly,warning
0.932613,0.115515,0.373396,0,0,adult,warning
0.809627,1.15142,0.302512,0,0,adult,danger
0.163913,0.34951,0.239187,0,0,child,safe
0.072465,0.050352,0.388847,0,0,adult,safe
0.959952,0.100883,0.113866,0,0,child,warning
0.103866,0.141823,0.212906,0,0,adult,safe
0.068329,1.752733,0.136827,0,0,elderly,danger
0.717218,0.067225,0.261327,0,0,child,safe
0.079205,0.274166,0.136166,0,0,adult,safe
1.082745,0.339259,0.350524,0,0,elderly,danger
0.289511,0.093478,0.283089,0,1,adult,safe
0.345061,0.185252,0.190773,0,0,elderly,safe
0.031763,0.064127,0.2991,0,0,child,safe
0.945986,0.28013,0.199136,0,0,adult,warning
0.42884,0.263813,0.117728,0,0,adult,safe
1.195104,0.869063,1.44592,0,0,adult,danger
0.331664,0.216603,0.183579,0,0,adult,safe
0.186091,0.299751,0.073961,0,1,adult,safe
0.156242,0.050699,0.212912,0,0,child,safe
0.079738,0.469604,0.333437,0,0,adult,safe
0.320922,0.200826,0.21832,0,0,adult,safe
0.135384,0.251834,0.274565,1,0,elderly,danger
0.318477,0.697577,0.096685,0,0,child,safe
0.297809,0.120522,0.223602,0,1,elderly,safe
0.219824,0.161782,0.189365,0,0,adult,safe
0.049335,0.341363,0.298299,0,0,elderly,safe
0.897067,1.186954,0.245545,0,0,adult,danger
0.450206,0.71764,0.185504,0,0,adult,safe
1.000718,1.080971,0.193391,1,0,adult,danger
0.910068,0.679981,0.310103,0,0,child,warning
1.108276,0.756557,0.090627,0,0,elderly,danger
0.16816,0.337217,0.130971,0,1,child,safe
0.205872,0.259316,0.190382,0,0,elderly,danger
0.282395,0.26839,0.10492,0,0,adult,safe
0.245128,0.160525,0.076121,0,0,elderly,safe
1.068459,0.30506,0.473408,0,1,elderly,warning
0.952291,0.10254,0.284296,0,0,elderly,warning
0.422183,0.360544,0.090004,0,0,adult,safe
0.311209,0.270854,0.219987,0,0,adult,safe
0.183167,0.330489,0.235778,0,0,adult,safe
0.406766,0.177704,0.245588,0,0,child,safe
0.266854,1.143009,0.189172,0,1,child,danger
0.238609,0.1588,0.10375,0,1,elderly,safe
0.221209,0.148921,0.231155,1,0,adult,danger
0.144361,0.905113,0.444419,0,0,elderly,warning
1.170423,0.108009,0.166048,0,0,elderly,danger
0.170279,0.279039,1.296661,0,1,child,danger
0.263121,0.287486,0.057268,0,0,elderly,safe
0.034779,0.062217,0.285958,0,0,child,safe
0.224306,0.046801,0.388682,0,1,adult,safe
0.204286,0.136108,0.389087,0,0,child,safe
1.074694,0.193508,0.236871,0,0,adult,danger
0.824694,0.939482,0.208406,0,0,elderly,warning
0.403761,1.627593,0.204372,0,0,child,danger
1.168424,0.070076,0.082801,0,0,adult,danger
0.106391,0.447106,0.04145,0,0,adult,safe
0.136846,0.124999,0.213513,0,0,child,safe
0.125966,0.117995,0.04813,0,1,elderly,safe
0.05178,0.122764,0.198736,0,0,adult,safe
0.208295,1.086869,1.114466,0,0,adult,danger
0.151834,0.233906,0.128209,1,1,child,danger
0.198299,0.257105,0.416035,0,0,adult,safe
0.835875,0.381923,0.208312,1,0,adult,danger
0.333509,0.215532,0.136061,0,0,child,safe
1.226898,0.256065,0.192589,0,0,adult,danger
0.46912,0.882955,0.273953,0,1,adult,danger
0.216095,0.155375,0.170725,0,0,adult,safe
0.868012,0.157827,0.025525,0,0,adult,warning
0.167076,0.140232,0.082458,0,0,adult,safe
0.179647,0.169278,0.098899,0,0,elderly,safe
0.883147,0.555692,0.899655,0,1,adult,danger
1.087768,0.828584,0.219318,0,0,child,danger
0.149623,1.002511,0.12939,0,0,adult,danger
0.337733,0.031596,0.459276,0,0,child,safe
0.140976,0.945306,0.339419,0,0,elderly,warning
0.068879,0.087151,0.29937,0,0,elderly,safe
0.40768,0.15057,0.261561,0,1,adult,safe
0.160987,1.204097,1.804295,0,0,child,danger
1.271225,0.070844,0.230765,0,0,elderly,danger
0.113501,0.293354,0.351886,0,0,elderly,safe
0.834166,0.081465,0.251393,0,0,adult,warning
0.905938,0.22075,0.319917,0,1,adult,danger
0.090248,0.9364,0.123515,0,0,elderly,warning
0.095466,0.104797,0.159523,0,0,elderly,danger
1.80231,0.111307,0.219992,0,1,elderly,danger
0.184034,0.255349,0.572114,0,0,adult,safe
0.957008,0.038596,0.164057,0,0,adult,warning
0.209161,0.410848,0.143731,0,0,elderly,safe
0.142742,0.5117,0.176925,0,0,child,safe
0.335908,0.349122,0.456984,0,1,child,safe
0.079882,0.28646,0.214631,0,0,elderly,safe
0.112202,0.347993,0.252534,0,0,elderly,safe
1.111697,0.304405,0.336697,0,0,child,danger
0.23298,0.078687,0.412755,1,0,elderly,danger
0.925486,0.089773,1.386517,0,0,adult,danger
0.335039,0.125394,0.293616,0,1,adult,safe
0.15669,0.225159,0.131774,1,0,adult,danger
0.139341,0.047921,0.313392,0,0,adult,safe
0.217668,0.380527,0.412131,0,0,adult,safe
0.335293,0.218548,0.043996,0,0,child,safe
0.344162,0.254911,0.212641,0,0,adult,safe
0.261195,1.14145,0.250445,0,0,child,danger
0.093877,1.101142,0.259748,0,0,child,danger
0.141182,0.100841,0.434104,0,0,child,safe
0.246951,0.208781,1.236959,0,1,child,danger
0.32726,0.118361,0.169354,0,0,child,safe
0.21416,0.100628,0.319003,0,0,elderly,safe
0.21466,0.136301,0.250039,1,0,child,danger
0.22774,0.289155,0.190073,0,0,adult,safe
0.218725,0.24118,0.095707,0,0,adult,safe
0.157468,0.175553,0.175784,1,0,elderly,danger
1.24054,0.205472,0.260391,0,1,elderly,danger
0.293881,1.058763,0.041767,0,0,adult,danger
0.224554,0.102805,0.188829,0,0,child,safe
0.077977,0.393685,0.09441,0,0,adult,safe
0.199417,1.202066,0.198292,0,0,adult,danger
0.174882,0.26911,0.03898,0,0,adult,safe
0.152482,0.236495,0.949781,0,0,adult,warning
0.399348,0.985388,0.14636,0,0,adult,warning
0.389335,0.360749,0.125429,1,0,elderly,danger
1.419014,1.012213,0.164939,0,0,child,danger
0.267629,0.053604,0.282491,0,0,adult,safe
0.037857,0.280246,0.311244,0,0,elderly,safe
0.406738,0.785443,0.230945,0,0,elderly,safe
0.047317,0.304285,0.156745,1,1,elderly,danger
0.48119,0.088866,0.194119,0,0,adult,safe
0.193876,0.166277,0.138131,0,1,child,safe
0.225337,1.028894,0.187288,0,0,elderly,danger
0.148204,0.388061,0.259863,0,0,adult,safe
0.24022,0.25681,0.272687,0,1,elderly,safe
0.125476,0.094087,0.168825,0,0,adult,safe
0.058665,0.8971,0.145325,0,0,adult,warning
0.118002,0.227754,0.355115,0,0,child,safe
0.850369,0.110146,0.225824,0,0,elderly,warning
0.236268,0.193598,0.253424,0,0,elderly,safe
0.103528,1.009913,0.098912,0,0,adult,danger
0.30366,0.666385,0.182259,0,0,adult,safe
0.312597,0.289666,0.059125,0,0,elderly,safe
0.304205,0.181698,0.062044,0,0,elderly,safe
0.411847,0.114734,0.132478,0,0,elderly,safe
0.160869,0.235606,0.299779,0,0,adult,safe
1.189626,0.139405,0.245746,0,1,child,danger
0.114381,0.778879,0.133917,0,0,adult,danger
0.045473,0.417358,0.139302,0,0,adult,safe
0.190529,0.302425,0.223845,0,0,adult,safe
0.443978,0.850854,0.950274,0,0,adult,warning
1.290777,0.095885,0.08705,0,0,elderly,danger
0.147511,0.060137,0.042216,0,1,adult,safe
0.291512,0.357703,0.145266,0,0,child,safe
0.213764,0.315757,0.317577,0,0,adult,safe
0.209648,0.296923,0.160667,0,0,adult,safe
0.41735,0.24871,0.145474,0,0,child,safe
0.244124,1.00173,1.431967,0,0,adult,danger
0.198746,0.302361,0.52142,0,0,child,safe
0.281408,1.159238,0.134543,1,0,adult,danger
1.104371,0.187307,0.347442,0,0,child,danger
0.306685,0.285201,0.4851,0,0,adult,safe
0.141929,0.140509,0.159616,0,0,adult,safe
0.890038,0.745599,0.158615,0,0,elderly,warning
0.160575,0.870268,0.193976,0,0,adult,warning
0.360392,0.16944,0.178087,0,0,adult,safe
0.116998,1.238873,0.334554,1,0,adult,danger
0.250406,0.435277,0.108447,0,0,child,safe
1.224712,0.133977,0.321219,0,1,adult,danger
0.163079,0.854373,0.376579,1,0,elderly,danger
1.059337,0.142058,0.149185,0,1,child,danger
0.116386,0.211005,0.119333,0,0,child,safe
0.754746,0.196133,0.363841,0,1,adult,danger
0.151876,0.501498,0.202392,0,0,elderly,safe
0.065857,0.049023,0.056678,0,0,adult,safe
0.12269,0.175738,0.213693,0,0,adult,safe
0.0684,0.390572,0.198757,0,0,adult,safe
0.331947,0.212168,0.044342,0,0,adult,safe
0.187181,0.229195,0.289529,0,0,adult,safe
0.098504,0.151739,0.165496,0,0,adult,safe
0.104995,0.251167,0.053598,0,1,adult,safe
0.152864,0.184117,0.195871,0,0,adult,safe
0.178117,0.131994,0.286686,0,0,adult,safe
0.089293,0.138314,0.143636,0,0,child,safe
0.062212,0.136665,0.161355,0,0,elderly,safe
0.242369,0.166239,0.328301,0,0,child,safe
0.310482,0.194441,0.300921,0,1,adult,safe
0.212097,0.296234,0.280754,1,0,adult,danger
0.265223,0.16242,0.309137,0,0,adult,safe
1.570197,0.836255,0.153654,0,1,elderly,danger
0.225249,0.511677,0.212317,0,1,child,danger
0.215811,0.404024,0.237004,0,0,elderly,safe
0.239869,0.194903,0.217237,0,0,elderly,safe
0.164744,0.219608,0.245226,0,0,child,safe
1.485607,0.104769,0.047583,0,0,adult,danger
0.286828,0.416991,0.181478,0,0,child,safe
0.223022,0.291117,0.066594,0,0,child,safe
1.021732,0.155585,0.057639,0,0,adult,danger
0.282529,1.113694,0.362418,0,1,elderly,danger
0.132511,0.213308,0.329842,0,1,adult,safe
0.132415,0.10296,0.13807,0,0,adult,safe
0.208294,0.278599,0.252851,0,0,elderly,safe
0.047831,0.083105,0.158849,0,0,adult,safe
0.239307,0.351569,0.228208,0,0,adult,safe
0.23668,0.277565,0.324255,0,0,adult,safe
0.227308,0.19164,0.152506,0,1,elderly,safe
0.071231,0.200839,0.32131,0,0,adult,safe
0.116067,0.132652,0.126753,0,0,adult,safe
0.899238,0.1669,0.234981,0,0,adult,warning
0.3217,1.093305,0.042964,0,0,adult,danger
0.160413,0.030542,0.323069,0,0,child,warning
0.129744,0.092299,0.167448,0,0,adult,safe
0.124111,0.35353,0.249828,1,0,adult,danger
0.704743,0.257242,0.052444,0,0,elderly,safe
0.321863,0.372472,0.179782,0,0,child,safe
0.113609,0.303372,0.317947,0,0,elderly,safe
0.252457,0.205682,0.319545,1,0,adult,danger
0.864308,1.157189,0.200836,0,0,child,danger
1.236367,0.219651,0.128054,0,0,elderly,danger
0.122991,0.888681,0.062462,0,0,adult,warning
0.194553,0.155896,0.14642,0,0,child,safe
0.424093,0.786529,0.310708,0,0,adult,safe
0.118945,0.126551,0.198975,0,0,child,safe
1.534019,1.214636,0.224834,0,0,adult,danger
0.364439,0.084633,0.153809,0,0,elderly,safe
0.142054,0.275299,1.18591,0,0,adult,danger
0.157782,0.28887,0.315642,0,0,child,safe
0.068027,0.251667,0.162581,0,0,adult,safe
0.364121,0.111765,0.044368,0,0,child,safe
0.269902,0.983398,0.069224,0,0,child,warning
0.094102,0.22146,0.070124,0,0,elderly,safe
0.257199,0.063561,0.242884,0,0,child,safe
0.312213,0.03507,0.382574,0,0,child,safe
0.908223,0.053918,0.521609,0,0,elderly,warning
0.227292,0.355693,0.108832,0,1,elderly,safe
0.161168,0.122829,0.050996,0,1,adult,safe
0.764279,0.170334,0.377153,0,0,elderly,safe
0.12895,0.72884,0.092124,0,1,elderly,danger
0.1694,1.174513,0.143372,0,0,elderly,safe
0.262625,0.373056,0.184007,0,0,child,safe
0.998984,0.328628,0.215971,0,1,adult,danger
0.22972,0.374533,0.131302,0,0,child,safe
0.147503,0.099211,0.239672,0,0,adult,safe
0.237065,0.221422,0.362831,0,1,child,safe
0.237156,0.270172,0.209948,0,0,adult,warning
0.095664,0.122874,0.185339,0,0,adult,safe
1.191653,0.196743,0.269859,0,1,adult,danger
0.226651,0.853749,0.341393,0,0,child,warning
0.252071,0.803899,0.213517,1,0,adult,danger
0.903984,0.119972,0.12054,1,0,elderly,danger
0.131114,0.205274,0.066518,0,1,adult,safe
0.05274,0.123507,0.064045,0,0,child,safe
0.197944,0.249699,0.103774,0,0,elderly,safe
0.257348,0.090043,0.175829,0,0,child,safe
0.220994,0.209689,0.131903,0,0,elderly,safe
0.247803,0.760957,0.148256,0,0,adult,safe
0.793321,0.158487,0.154174,0,1,elderly,danger
0.233178,0.342317,0.190327,0,0,adult,safe
0.145243,0.285009,0.35873,0,0,adult,safe
0.223997,0.133929,0.200616,0,1,elderly,safe
0.117874,0.981215,0.192135,0,0,adult,warning
0.138442,0.272916,0.306884,0,0,adult,safe
0.967262,0.450762,0.233814,0,1,elderly,danger
0.95381,0.261945,0.187839,0,1,adult,danger
0.36145,0.993912,0.038351,0,0,elderly,warning
0.373585,0.025214,0.109578,0,0,child,safe
0.238717,0.267193,0.094246,0,0,child,safe
0.154222,0.161581,0.31982,0,0,elderly,safe
0.200163,0.094821,0.224406,0,0,child,safe
0.421319,0.297775,0.114963,0,0,child,safe
1.094017,0.331179,0.120164,0,1,elderly,danger
0.258986,0.247659,0.259737,0,0,adult,safe
0.436307,0.281041,0.358739,0,1,child,warning
0.329899,1.077467,0.145161,0,0,adult,danger
0.236717,0.22949,0.138595,0,0,child,safe
0.198153,0.166384,0.340249,0,0,adult,safe
0.927338,0.13475,0.082628,0,0,adult,warning
0.08766,0.09526,0.220643,0,0,adult,safe
0.149583,0.09116,0.150444,0,0,adult,safe
1.124602,0.257435,0.360727,0,0,adult,danger
0.886048,0.046097,0.183117,0,0,adult,warning
0.206478,0.282613,0.313342,0,0,adult,safe
1.088868,0.050694,0.151272,0,0,elderly,danger
0.094978,0.227237,0.208034,0,0,adult,safe
0.233393,0.212231,0.149924,0,0,elderly,safe
0.210348,0.143547,0.261326,0,0,child,safe
1.0473,0.30957,0.295331,0,0,child,danger
0.253905,0.271405,1.38307,0,1,elderly,safe
0.161066,0.210253,0.040236,0,0,child,safe
0.101722,1.085509,0.285692,0,1,elderly,danger
0.060651,0.165875,0.265706,0,0,elderly,safe
0.293986,1.796511,0.225064,0,1,adult,danger
0.250995,0.230951,0.077199,0,0,elderly,safe
0.212158,0.097561,0.177238,0,0,adult,safe
0.964683,0.375157,0.391401,0,0,adult,warning
0.16227,0.175027,0.106289,0,0,adult,safe
0.21352,0.086688,0.098419,0,0,adult,safe
0.059907,0.276492,0.264002,0,0,adult,safe
0.156276,0.205814,0.276837,0,0,child,safe
0.10026,1.14319,0.258989,0,1,adult,safe
0.275782,0.858652,0.086719,0,0,adult,warning
0.083476,0.232,0.346549,0,0,adult,safe
0.314551,1.076121,0.288544,0,0,child,danger
0.164507,0.319202,0.086946,0,0,adult,safe
0.121871,0.31034,0.326181,0,0,elderly,safe
0.057837,0.14171,0.138169,0,1,elderly,safe
0.282264,0.10356,0.175913,0,0,elderly,safe
0.185181,0.197835,0.21572,0,0,child,safe
0.336072,0.264138,0.198598,0,0,adult,safe
0.171924,0.324667,0.241294,0,0,adult,safe
0.839906,0.050746,0.183232,0,1,adult,danger
0.091682,0.096792,0.133203,0,0,child,danger
0.276706,0.790193,0.37929,0,0,elderly,safe
0.181141,1.705145,0.161949,0,0,child,danger
0.069882,0.19108,1.777713,0,0,elderly,danger
0.520524,0.322615,0.105164,0,0,elderly,safe
0.296062,0.110854,0.026851,0,1,child,safe
0.37382,1.142111,0.163134,0,0,adult,danger
0.196556,0.225555,0.08722,0,0,adult,safe
0.116166,0.182342,0.177741,0,0,adult,warning
0.107064,0.261257,0.24756,0,0,child,safe
0.21824,0.080351,0.231733,0,0,child,safe
0.085061,0.381431,0.087434,0,0,child,safe
0.280152,1.1405,0.32383,0,0,adult,danger
0.137292,0.126916,0.300381,0,1,adult,warning
0.192322,0.089178,0.124406,0,0,adult,safe
0.103474,0.133111,0.239425,0,1,elderly,safe
0.219308,0.291313,0.398536,0,0,elderly,safe
0.060294,0.131952,0.099489,0,0,elderly,safe
0.779242,0.340065,0.251849,0,0,elderly,safe
0.26475,0.188815,0.045699,0,1,child,safe
1.162037,0.102524,0.102996,0,1,child,danger
0.337181,0.850268,0.170331,1,1,child,danger
0.967713,0.383724,0.154706,0,0,elderly,warning
0.12761,0.126807,0.22059,1,1,adult,danger
0.192974,1.035391,0.067693,1,0,adult,danger
0.254039,0.330504,0.568168,0,1,adult,safe
0.77555,0.312168,0.286538,1,0,child,danger
0.121574,0.039046,0.320914,0,0,adult,safe
0.10438,0.110366,0.310485,0,0,adult,safe
0.248579,0.171014,0.234934,0,0,adult,safe
0.957303,0.125235,0.126274,0,1,adult,danger
0.855165,1.138163,0.107202,0,1,child,danger
0.326216,0.312403,0.319507,0,0,adult,safe
0.77571,0.062037,0.26625,0,0,adult,safe
0.241008,0.895772,0.142314,0,0,child,warning
0.272629,1.009197,0.150851,0,0,child,danger
0.897812,1.032647,0.186628,0,0,adult,danger
0.064562,0.108438,0.375871,0,0,adult,safe
1.006446,0.192848,1.518705,1,0,adult,danger
0.203074,0.872648,0.325115,0,0,adult,warning
0.164034,0.293444,0.159888,0,0,elderly,safe
0.374935,1.028502,0.141612,0,0,adult,danger
0.253468,0.073209,0.244983,0,0,adult,safe
0.327264,0.295961,1.717747,0,0,adult,danger
0.374157,0.149918,0.107398,0,0,child,safe
0.452884,1.056278,0.177098,0,0,adult,danger
0.065598,0.248069,0.345144,0,0,adult,safe
0.348027,1.440906,0.428504,0,0,child,danger
0.756191,0.243097,0.310094,0,0,child,safe
0.100225,0.159082,0.322432,0,1,elderly,safe
0.318447,0.116297,0.247993,0,1,adult,safe
0.276672,0.275932,0.082791,0,0,adult,safe
0.138892,0.236068,0.198392,0,0,child,safe
0.957223,0.326064,0.294907,0,0,adult,warning
1.559959,0.147976,0.279612,0,1,elderly,danger
0.099276,0.848499,0.094895,0,0,elderly,warning
0.235679,0.050495,0.30281,0,0,child,safe
0.130383,0.055179,0.288198,0,0,adult,safe
0.331562,1.250008,0.154821,0,0,child,danger
0.242132,0.13946,0.252509,0,1,elderly,safe
0.081545,0.210309,0.472421,0,0,child,safe
1.036322,0.203198,0.089146,0,0,elderly,danger
0.947614,0.168853,0.144425,0,1,adult,danger
0.26286,1.821834,0.215123,0,1,child,danger
0.25272,0.359158,0.170136,0,0,adult,safe
0.330747,0.363319,0.129366,0,0,child,safe
0.099212,0.258642,0.098397,0,0,elderly,safe
0.289682,0.064951,0.247579,0,0,elderly,safe
0.305515,0.198172,0.2109,1,0,adult,danger
0.321009,0.142868,0.120352,0,0,adult,safe
0.155839,0.12844,0.091577,0,0,elderly,safe
0.37163,0.70813,0.381938,0,0,adult,safe
0.199453,0.178113,0.348914,0,0,adult,safe
0.90207,0.084334,0.198631,0,0,child,warning
0.188148,0.350606,0.310087,0,0,adult,safe
0.143697,0.278361,0.103727,0,0,elderly,safe
0.150849,0.194744,0.364398,0,0,adult,safe
0.156322,0.169322,0.310458,0,0,adult,safe
0.322566,0.255355,1.359905,0,0,adult,danger
0.155673,0.119377,0.371473,0,0,adult,safe
1.708125,0.27575,0.107333,0,0,adult,danger
0.849294,0.242302,0.517034,0,1,child,danger
0.074943,0.537118,0.100967,0,1,child,danger
1.093291,0.072378,0.342895,0,1,adult,danger
1.140444,0.23074,0.372505,0,0,adult,danger
0.031182,0.844315,0.115012,0,1,elderly,danger
0.79505,0.184667,0.108612,0,0,adult,safe
0.159731,0.163117,0.251636,0,1,adult,safe
0.33035,0.370344,0.177982,0,0,elderly,safe
0.213963,0.260134,0.100757,0,0,adult,warning
0.418849,0.218875,0.259082,0,0,child,safe
0.393068,1.228648,1.024929,0,0,adult,danger
0.145186,0.17695,0.126603,0,0,adult,safe
0.238976,0.430393,0.26701,0,0,child,safe
0.279773,0.171667,0.293148,0,0,adult,safe
0.116024,0.110369,0.141248,0,1,elderly,safe
0.309029,0.171347,0.280585,0,0,child,safe
0.269894,0.294404,0.307838,0,0,adult,safe
0.215237,0.219164,0.219888,1,1,elderly,danger
0.216825,0.216072,0.273147,0,0,elderly,danger
0.47764,0.214984,0.104329,0,0,adult,safe
0.060351,0.184004,0.207421,0,0,adult,safe
1.102358,0.355898,0.200865,0,0,elderly,danger
0.360694,0.905707,0.084129,0,0,child,warning
0.138261,0.51875,0.381167,0,0,adult,safe
0.044038,0.346265,0.201253,0,1,child,safe
0.971395,0.24796,0.26324,0,0,adult,warning
0.285598,0.406687,0.157669,0,0,adult,safe
0.996726,1.102821,0.20752,0,0,elderly,danger
0.123627,1.101404,0.084207,0,0,elderly,danger
0.964052,1.163087,0.40894,0,0,adult,danger
0.147134,0.35478,0.13676,0,0,child,safe
0.432071,0.15794,0.114,0,0,adult,safe
0.261811,0.151431,0.058647,0,0,adult,warning
0.060062,0.798482,0.30166,0,0,child,safe
0.447472,0.211792,0.135226,0,0,adult,safe
0.234065,0.202287,0.174755,0,0,elderly,safe
0.320491,0.396327,0.119968,0,1,adult,safe
0.08345,0.254837,0.171368,0,0,adult,safe
0.151436,0.136688,0.165098,0,0,elderly,safe
0.510094,0.08119,0.139092,0,0,elderly,safe
1.101606,0.141003,0.125569,0,0,adult,danger
1.036062,0.099317,0.099764,0,1,elderly,danger
0.24136,0.117752,0.171034,0,0,adult,safe
0.076926,1.74154,0.079416,0,0,adult,danger
0.255328,0.337325,0.265439,0,0,adult,safe
1.318062,1.053658,0.121374,0,0,adult,danger
1.420877,0.492747,0.297364,0,0,adult,warning
0.912857,0.247109,0.303668,0,0,adult,warning
0.06507,0.06994,0.204785,0,0,adult,safe
0.924392,0.15767,0.156572,0,0,child,warning
0.290979,0.032859,0.387463,0,0,adult,safe
0.160524,0.195625,0.259501,0,0,child,safe
0.076941,0.295625,0.27744,0,0,adult,safe
0.324612,0.375842,0.101533,0,1,elderly,safe
0.330364,0.214936,0.054742,0,0,elderly,safe
0.298781,1.270927,0.103672,0,0,adult,danger
0.461827,0.035059,0.11947,0,0,adult,safe
0.162854,1.445009,0.099907,0,0,child,danger
0.406633,0.233232,0.373059,0,0,adult,safe
0.154905,1.036486,0.067729,1,0,elderly,danger
0.212929,0.167433,0.085672,0,0,adult,safe
0.056421,0.889974,0.354529,1,0,child,danger
0.329316,0.057847,0.300326,0,1,adult,safe
0.10789,0.225548,0.079545,0,0,child,safe
0.255665,0.180929,0.366736,0,0,adult,safe
0.445672,0.159447,0.102539,0,1,elderly,danger
0.195242,0.212438,0.136331,0,0,adult,safe
0.302918,1.303146,0.149535,1,0,adult,danger
0.173755,0.288472,0.256702,0,1,elderly,safe
0.210832,0.16513,0.210582,0,0,elderly,safe
0.215339,0.166817,0.095816,0,0,elderly,safe
0.326243,0.135249,0.144955,1,0,elderly,danger
0.090383,1.020831,0.115897,0,1,adult,danger
0.187141,0.796335,0.13598,0,0,elderly,warning
0.160084,0.162389,0.368427,0,0,elderly,safe
1.017117,1.709935,0.212932,0,0,adult,danger
0.06513,0.251829,0.399963,0,0,adult,safe
0.154439,1.760159,0.080748,0,0,adult,danger
1.47492,0.295644,0.044859,0,0,adult,danger
0.231649,0.068505,0.153353,0,0,child,safe
0.919738,0.309717,0.296929,1,0,adult,danger
0.794211,0.218069,0.043886,0,0,adult,safe
0.266524,0.108255,0.101906,0,0,adult,safe
0.383448,0.973272,0.328653,1,1,elderly,danger
0.888367,0.251075,0.192177,0,1,adult,danger
0.297576,0.151158,0.121437,0,0,adult,safe
0.435834,0.131532,0.032259,0,1,adult,safe
0.199148,0.132349,0.266594,0,0,elderly,safe
0.263638,0.303961,0.096546,0,0,adult,safe
0.153131,0.277345,0.250546,0,0,child,safe
0.364225,0.188989,0.310591,0,0,adult,danger
0.085072,0.388032,0.384995,0,0,adult,safe
0.200195,0.250608,0.254263,0,0,adult,safe
0.322111,0.124567,0.090285,0,1,child,safe
1.157189,0.449306,0.057777,0,1,adult,danger
1.04499,0.103987,0.120009,1,0,adult,danger
0.388748,0.280434,0.130818,0,0,adult,safe
